text,stereotype,implicit,baseline_pred,baseline_prob1,context_pred,context_prob1,baseline_correct,context_correct,verdict
En Huelva hay 7000 hectáreas dedicadas a la agricultura intensiva de fruto rojos principalmente. Son los famosos invernaderos de la fresa de Huelva. Una agricultura intensiva e insostenible ecológicamente que produce el 95% de la producción de fresa española.,0,0,0,0.09877368807792664,0,0.11916914582252502,1,1,tie
"En el año 2000 comenzó la contratación en origen. Es una contratación colectiva desde los paíse de origen solo para el tiempo que dura la campaña. Solo pueden ser mujeres, así lo piden los empresarios con el beneplácito de la Administración Pública.",0,0,0,0.017490632832050323,0,0.010133921168744564,1,1,tie
"Desde los años 90 la principal mano de obra ha sido inmigrante ante el rechazo de la población autóctona a trabajar el campo. Al principio eran marroquíes, pero la situación daba ""conflicto"" con los autóctonos y la cosa cambió",1,0,1,0.944100022315979,1,0.8998087048530579,1,1,tie
"En los asentamientos vive el ejército de mano de obra de reserva. Son hombres subsaharianos en su mayoría con y sin papeles, también hay menores Hay muchos, algunos perennes todo el año. Aquí una foto. Huelva S.XXI. URL",0,0,0,0.17814844846725464,0,0.31527185440063477,1,1,tie
Las mujeres marroquíes que habéis visto en los medios son algunas de las que han llegado en el contingente de este año para recoger la fresa. Estas mujeres viven en una situación de semi-cautiverio en las fincas de las empresas donde trabajan. Las inspecciones de trabajo no van,1,0,1,0.8244307637214661,0,0.19832253456115723,1,0,baseline_wins
"Si muchas mujeres sufren abusos en sus puestos de trabajo imaginaos una situación de impunidad como estar en una finca inaccesible, con la libertad deambulatoria limitada, con miedo a perder el trabajo y siendo inmigrante. Yo las creo.",1,0,1,0.8428972959518433,1,0.9171295762062073,1,1,tie
Para saber más os dejo el enlace para descargar el informe 2017 de la Mesa de Integración sobre los asentamientos de Huelva y os vuelvo a recomendar los libros de @user La fresa Amarga y ¡Qué hace esa fresa en tu mesa! URL …,0,0,0,0.05163939669728279,0,0.012617920525372028,1,1,tie
"Son mujeres, son pobres, son inmigrantes. Son triplemente revolucionarias. ✊🏾",1,0,0,0.10370530933141708,0,0.003506547538563609,0,0,tie
Y por ello hoy han salido a gritar por el bien de la empresa las trabajadoras q piensan que es todo mentira.Y las buenas trabajadoras marroquíes piden perdón xq se sienten mal porque compañeras actúen así...Aquí ls q llevan años y años cn esta buena familia. Exclusi de esta tarde URL,0,0,0,0.04195667803287506,0,0.002981234109029174,1,1,tie
PEDAZO DE HILO. Y muy necesario. Gracias por darles voz.,0,0,0,0.027551988139748573,0,0.0035256475675851107,1,1,tie
"Hilo imprescindible! Felicidades.
Solo matizaría que la población autóctona sí está dispuesta a trabajar, pero no ""a ese precio"".",1,1,0,0.39731457829475403,0,0.018340090289711952,0,0,tie
Alto y claro. Gracias,0,0,0,0.04925160109996796,0,0.003953573759645224,1,1,tie
"Joder,macho!y como saber dónde han cultivado las fresas?",0,0,0,0.09621573984622955,0,0.0037751137278974056,1,1,tie
"No compro fresas, lo haría si supiera que el beneficio repercute en gran parte en el bolsillo de los andaluces,  pero visto lo visto, no reduce el paro local, vulnera derechos fundamentales de las personas y solo beneficia al bolsillo de 4. Por el momento no como fresas.",1,0,0,0.1653079390525818,0,0.03929583728313446,0,0,tie
Fresones también se hacen en el Maresme. Y a mi me gustan más.,0,0,0,0.29761165380477905,0,0.2900296449661255,1,1,tie
Y hay mucho hijoputa sin control. Hay que hacer algo para evitar esa mierda que parece saluda de “los santos inocentes”.,0,0,0,0.2967645227909088,0,0.01140560582280159,1,1,tie
Lo más grave es cómo con esos cultivos están desaguando (desangrando) lentamente el acuífero del P.N. de Doñana. 😕,0,0,0,0.161522775888443,0,0.004492855165153742,1,1,tie
Yo creo que las revolucionarias debemos ser las autóctonas...porque ellas tienen miedo...sin recursos y extranjeras en situación inferior...somos nosotras las que hemos de luchar por sus derechos y apoyarlas.,1,0,1,0.9684486389160156,1,0.9765862226486206,1,1,tie
"Mientras tanto en Italia matan a sangre fría a Soumayla, un temporero maliense activista del sindicado USB URL y en España ni una palabra, sólo he encontrado esto: URL",1,0,0,0.13768191635608673,0,0.003824323881417513,0,0,tie
Buenísimo este hilo para informar de la esclavitud laboral y sexual de las trabajadoras de la fresa,1,0,0,0.05335961654782295,0,0.005902657750993967,0,0,tie
Lo que no sé es pq dices q las temporeras viven en asentamientos chabolistas siendo de la zona. Sabes q todas las fincas tienen sus viviendas para las temporeras y q se les facilita el trasporte hasta el nuvleo urbano.,1,1,0,0.37488141655921936,0,0.03151712939143181,0,0,tie
Las temporeras vive en las fincas. Lo que digo es que además hay asentamientos chabolistas donde viven mayoritariamente hombres subsaharianos cómo mano de obra de reserva. Relee,1,0,1,0.6719997525215149,0,0.0557977631688118,1,0,baseline_wins
Lo he leído muy bien.,0,0,0,0.09803824871778488,0,0.00865192525088787,1,1,tie
"Disculpa Silvia...pero, si que reducen el paro local, además muchísimo.
En la industria agrícola hay dos tipos de puestos de trabajo
- sembradoes y recolectores
- manipuladores y empaquetadores

Es cierto que los primeros se cubren con inmigrantes, pero los segundos, son locales",1,0,0,0.06644046306610107,0,0.004651682451367378,0,0,tie
No hubiera sido mejor escribir un artículo y adjuntarlo en lugar de tantos tweets?,0,0,0,0.03128177672624588,0,0.002896921243518591,1,1,tie
"Lo desconocía, pero no crees que un paron general en la compra, beneficiaria con sueldos y jornadas dignas a los recolectores? Hay muchos españoles parados que estarían encantados de trabajar, en condiciones de  no explotación. A mi personalmente no me importaría pagar +.",1,0,0,0.2018590271472931,0,0.007063966244459152,0,0,tie
"Grácias por el hilo. Lo primero que podemos hacer , cada uno de nosotros, es no comprar fresas de Huelva. Y Luego exigir al govierno que se implique e investiguen. #quehacenestasfresasentumesa",0,0,0,0.3909255266189575,0,0.008532865904271603,1,1,tie
"Muchas gracias por tu información, como consumidores si se pueden hacer pequeñas cosas, mucha fuerza.",0,0,0,0.044848475605249405,0,0.0028560475911945105,1,1,tie
No consumire ningun producto agroindustrial de Huelva. Punto.,0,0,0,0.31241777539253235,0,0.01115565374493599,1,1,tie
Yo también las creo.,0,0,0,0.04009357839822769,0,0.00619781669229269,1,1,tie
¿Algún artículo fidedigno que me puedas recomendar sobre esto?,0,0,0,0.03867378085851669,0,0.004290265031158924,1,1,tie
"Gracias, desconocía que la situación fuese tan cruda",0,0,0,0.020732104778289795,0,0.0031957211904227734,1,1,tie
Bueno pues te acabo el hilo con una muestra de lo que va a pasar en cero coma. El futuro inmediato de lo que relatas está en este link URL,0,0,0,0.01546216569840908,0,0.0032124340068548918,1,1,tie
"Buenos días, yo no voy a poner en duda, bajo ningún concepto, los hechos que denuncian estas mujeres, lo que si creo es que estás mezclando un poco churras con merinas. Los poblados chabolistas no son de las temporeras, ellas viven en casas, muy básicas y compartidas (Sigo)",0,0,0,0.41583290696144104,0,0.0036723974626511335,1,1,tie
"En las fincas donde se las contrata, no hay casas mixtas, y/o , por ejemplo, en Cuna de platero, se habilitan espacios para este fin en las instalaciones. Los poblados chabolistas, gralmente., ""pertenecen"" a subsaharianos indocumentados.",1,0,1,0.9224917888641357,0,0.42493653297424316,1,0,baseline_wins
"Otra cosa, desde hace aprox. 10 años, el número de contratación en origen bajó, por que prefirieron contratar a españoles (x la crisis e imagino que con algún beneficio fiscal)",0,0,0,0.07500104606151581,0,0.012309115380048752,1,1,tie
"Y sí, las condiciones en estas campañas pueden llegar a ser duras, por el trabajo, las circunstancias, estar lejos de sus familias... Pero también te digo que hay de todo, y que, en gral., ni unos son tan buenos, ni los otros tan malos.",0,0,0,0.046149883419275284,0,0.0035142209380865097,1,1,tie
"Ya, pero si una parte es esclava, no hay como el poder económico para erradicar la esclavitud. Yo tampoco compraré fresas de Huelva hasta que se demuestre que han dejado de existir estas vejaciones.",1,0,0,0.3683514893054962,0,0.01663462445139885,0,0,tie
He explicado exactamente lo que dices.  Las mujeres temporeras que vienen en los contingentes viven en las fincas. En los asentamientos viven la mano de obra de reserva los subsaharianos varones. Relee he escrito es exactamente. No es una cuestión de bueno o malos.,0,0,1,0.8170146346092224,0,0.013433505780994892,0,1,context_wins
"Buenooooo, trabajo en la Seguridad Social en Barcelona, y recuerdo riadas de trabajadores subsaharianos, con deudas porque sus patronos del maresme no les declaraban todas las jornadas realizadas. Me alegra que haya cambiado, pero este hilo busca solidaridad, no crees?",1,1,0,0.07129035145044327,0,0.006243708543479443,0,0,tie
Tienes toda la razón. Por lo que hay que hacer es exigir dignidad para TODOS los trabajadores sin distinción.,0,0,0,0.013967985287308693,0,0.003779386170208454,1,1,tie
Pues paga y casa pa todas!!,1,1,0,0.38425377011299133,0,0.3157593905925751,0,0,tie
"Perdona, eso de  ""rechazo de la población autóctona a trabajar el campo"" de dónde te lo sacas? Aquí hemos trabajado toda la vida en el campo y por desgracia lo seguimos haciéndolo. Infórmate sobre los convenios de Huelva y de Sevilla.",0,0,1,0.8825176954269409,1,0.6763402223587036,0,0,tie
"Sé lo que pone el convenio pero no sé cuántas empresas lo cumplen. Si se paga a todos lo mismo sean temporeras marroquíes, onubenses o subsaharianos. Eso es lo que queremos que la inspección de trabajo averigüe",0,0,0,0.058589912950992584,0,0.012097969651222229,1,1,tie
"Se cobra 37,60 euros en Huelva y en Sevilla 45 euros, sin contar retenciones, sólo por pasar la ""frontera"" entre Huelva y Sevilla ya se gana 7 euros más. A parte del salario de mierda, levántate a las 5 y media de la mañana para estar en el tajo a las 7, el que no tiene coche...",0,0,0,0.3193768858909607,0,0.027971111238002777,1,1,tie
Por supuesto que es legítimo que alguien rechace trabajar en esas condiciones. Lo triste del capitalismo es que siempre hay alguien más pobre dispuesto a hacerlo. De ahí que existan los asentamientos de subsaharianos.,1,1,1,0.8440389037132263,1,0.8965846300125122,1,1,tie
"Se tiene q buscar uno y pagar 5 euros al día al conductor para q lo lleve, luego el bocata. Sales de allí a las 3 y algunos días te dicen q tienes q hacer una o dos horas más sin avisarte hasta última hora y si te quejas a la calle. A parte de lo q es trabajar debajo de un...",0,0,1,0.7682929635047913,0,0.22345243394374847,0,1,context_wins
Invernadero q yo he llegado a ver en los termómetros hasta 53 grados. Que me parece de lujo lo q estás haciendo pero no estaría mal hablar con todas las partes.,0,0,0,0.030696256086230278,0,0.003097911598160863,1,1,tie
"Yo las creo y no he visto un cortijo ni he hecho la recogida de fruta en mi vida. I las creo porqué soy mujer, he trabajado toda mi vida y porqué conozco como és España",0,0,0,0.04665322229266167,0,0.0035110493190586567,1,1,tie
"Lo que se deberían hacer es que los trabajadores autóctonos tengan mejores condiciones laborales, entonces si que habría suficientes personas para la recogida y no traer a gente de fuera.",1,0,1,0.9057058691978455,1,0.9672139883041382,1,1,tie
"Buenas tardes, estoy mediando entre varias organizaciones de mujeres y feministas marroquíes y la gente que estáis apoyando a las compas en Huelva: ¿me podrías enviar tu mail por privado para incluiros? Entiendes francés o precisas traducción? Te cuento más! Mil gracias.",0,0,0,0.2625982165336609,0,0.007725457660853863,1,1,tie
Dalas tu sueldo y verás cómo trabaja la población autóctona que vienen se vive sentada en tu despacho,0,0,1,0.9645834565162659,1,0.9832952618598938,0,0,tie
Este mensaje es ofensivo. Obviamente la población autóctona rechaza trabajar porque las condiciones de trabajo son precarias y no se cumple el Convenio. Desde el sindicato de obreros del campo llevamos años en esta lucha. Pidame disculpa por su ofensa.,0,0,0,0.07783596217632294,0,0.020734621211886406,1,1,tie
Gracias por la aclaración. Me duele que por ser inmigrantes la gente de por hecho que mienten. Aunque noe extraña teniendo en cuenta que no se creen ni a las del propio país. Aquí todos son unos Santos y ninguno ha abusado nunca de una mujer. Son imaginaciones nuestras.,1,0,1,0.9274409413337708,0,0.2548272907733917,1,0,baseline_wins
"Las condiciones de trabajo en el campo son precarias,por culpa de la llegada masiva de inmigrantes Si para un puesto de trabajo no hubieran cientos de inmigrantes dispuestos a trabajar por la mitad,los patronos pagarian a los españoles al alza,para que no se fueran a otra finca",1,0,1,0.8972241282463074,1,0.9375003576278687,1,1,tie
"Me planteo porque muchas opiniones van de CREER O NO CREER. ¿Que necesidad tendrán estas mujeres de inventarse toda la historia si se están jugando el jornal y su fururo? Siempre igual, la duda al pobre que el rico nos sigue meando y seguimos pensando que llueve.",0,0,0,0.0533587746322155,0,0.0028754728846251965,1,1,tie
Y por no hablar del subsidio del pert. Que seguro que se lo lleva algun español sin haber pisado el campo. Ya que el jornal lo trabaja el inmigrante,0,0,1,0.9231482148170471,0,0.1820889115333557,0,1,context_wins
"*Corrección de esta info: La Guardia Civil no paró el secuestro. Más bien al contrario, la Audiencia Nacional Investiga su participación en él.",0,0,0,0.06516004353761673,0,0.0030491694342345,1,1,tie
"Siento vergüenza, en que Siglo vivimos",0,0,0,0.0769890621304512,0,0.008817765861749649,1,1,tie
Los sindicatos te dicen que recuerdos ahy te lo dejo URL,0,0,0,0.00845593586564064,0,0.004721805918961763,1,1,tie
"Solidaridad para ella, jamás para los patrones. No compro nada de proceda de Huelva, tengo mis razones claro",0,0,0,0.025678375735878944,0,0.0030798218213021755,1,1,tie
¡Cuéntamos esto!.,0,0,0,0.03190505877137184,0,0.015325556509196758,1,1,tie
El Gurugú patrio.,0,0,0,0.034610580652952194,0,0.013716713525354862,1,1,tie
"Gracias por la información resumida, se agradece tu esfuerzo por aumentar la conciencia social y visibilizar la esclavitud que viven, luchemos por la soberanía alimentaria y la solidaridad!!!.",1,0,1,0.787895143032074,1,0.8332054018974304,1,1,tie
"Si son del Este, NO 🤢",1,1,0,0.05321982130408287,0,0.20553238689899445,0,0,tie
"Somos mucha@user l@s K, RECHAZAMOS la gran esclavitud existente en el mundo d tanta MISERIA, Sí, en todos ls sitios se cuecen havas. Cómo se aprovechan los PODEROSOS DESDE SIEMPRE, del K tiene poco, o casi nada! Tod@s TIENEN DERECHOS. UN MUNDO MEJOR ES POSIBLE!",1,0,0,0.3921234607696533,0,0.4359118342399597,0,0,tie
"La verdad es que has detallado todo lo que en casi, pocos medios de comunicación LO DAN A CONOCER. Tanto con los DDHH... DÓNDE ESTÁN? GRACIAS!!",0,0,0,0.013862265273928642,0,0.0028146703261882067,1,1,tie
Ole tú.Sastipen Tha Li,0,0,0,0.08835697919130325,0,0.005501374136656523,1,1,tie
Por lo menos ya no nos recomiendas vacunas.,0,0,0,0.10365244001150131,0,0.034774672240018845,1,1,tie
"Vergonzoso.
#MotivosParaLaMoción",0,0,0,0.06028962880373001,0,0.0605754479765892,1,1,tie
"¿En un hotel?...¿y que empresario hotelero se brinda a ello?...No quiero pensar cómo pueden acabar las instalaciones, viendo lo que son capaces de hacer en los CATE",1,0,0,0.028809431940317154,0,0.011393214575946331,0,0,tie
😂😂😂😂 sin fuente eso es una mierda pinchá en un palo! Pero bueno sé que os da igual....🤦‍♂️,0,0,0,0.027079036459326744,0,0.008739661425352097,1,1,tie
"Salimos más fuertes
Ya se recupera la okupación hotelera
desconfiados.. que soy muy desconfiados",0,0,0,0.037598591297864914,0,0.024312879890203476,1,1,tie
"Cada día alucinó más con él gobierno. Nos okupan nuestras casas, les hacen test , dinero,ECT. Somos él país de los tontos.
#Mociondecensura",1,0,1,0.7831392884254456,0,0.05424078553915024,1,0,baseline_wins
De allí igual no se escapan contagiados por el virus comunista chino,1,1,1,0.8025757074356079,0,0.2275988608598709,1,0,baseline_wins
No “van”. Ya están. Y 2/3 de la guardia civil de la comarca del noroeste de Murcia también están allí.,0,0,0,0.07014613598585129,0,0.027731189504265785,1,1,tie
"Somos unos peleles, consentimos todo.",0,0,0,0.03025023639202118,0,0.056230612099170685,1,1,tie
La solución es fácil no votar al PSOE ni a Podemos y sus quinta columnas.,0,0,0,0.013732604682445526,0,0.008798142895102501,1,1,tie
Sobra una cama? No tuve vacaciones este año 😏,0,0,0,0.1263725459575653,0,0.018982023000717163,1,1,tie
"Bueno es la política del arrogante y orgulloso y engreido inquilino de la Moncloa porqué le votan. Por ignorancia, por subvenciones????",0,0,0,0.030734248459339142,0,0.008481095544993877,1,1,tie
"No voy a decir lo que pienso, salvo si a la moción",0,0,0,0.014189524576067924,0,0.01345199067145586,1,1,tie
"Pues evidentemente, el problema  es que hay población  que por el adoctrinamiento  impuesto, no obedece a razones, son auténticos  sectarios.
Una desgracia, que a los gobiernos anteriores también  habría  que exigirles explicaciones.",0,0,0,0.01965172030031681,0,0.0071364473551511765,1,1,tie
"No he tenido  el suficiente  espacio, para terminar  mi respuesta,.
Soy española, nacida en Córdoba  y por casualidades  de la vida, llevo  viviendo  en Mallorca  21 años, esto ya estaba diseñado, las generaciones actuales, lo digo por experiencia, han adoctrinados con historia.",0,0,0,0.03950308635830879,0,0.008783756755292416,1,1,tie
Hotel El Cenajo en Moratalla (Murcia),0,0,0,0.2769522964954376,0,0.08819139748811722,1,1,tie
"Hay q declarar la llegada de MIGRANTES como ""SITUACION DE INTERÉS NACIONAL PARA LA SEGURIDAD DE ESPAÑA. Donde está un plan para combatir la oleada de invasores. La Estrategia de Seguridad Nacional actual contempla la inmigración irregular como una amenaza en páginas 46 y 68. RT URL",1,0,1,0.9721506237983704,1,0.9922348260879517,1,1,tie
Los españoles tenemos a un gobierno en contra.,0,0,0,0.012773359194397926,0,0.009669512510299683,1,1,tie
"Mocion de censura  con Calle, convoquen a todos los españoles.",0,0,0,0.03000805340707302,0,0.015449614264070988,1,1,tie
"Es el resultado de un atajo de inútiles votontos del tres al cuarto... se piensan que van a heredar el pastizar, como todos los cominstas de librillo quieren vivir de sudor ajeno así vamos. URL",0,0,0,0.09424710273742676,0,0.03809746727347374,1,1,tie
Mientras miles de españoles durmiendo en la calle y otros muchos a punto porque les van a echar de sus viviendas,1,0,1,0.9554749727249146,1,0.9190877079963684,1,1,tie
INMIGRANTES coño. INMIGRANTES.,0,0,0,0.055113859474658966,0,0.06965141743421555,1,1,tie
"Estoy parado y este año me he quedado todo el verano en casa jodido sin vacaciones pero a los que nos invaden sin papeles que no les falte de nada. No tienen vergüenza ninguna¿Cuanto cuesta cada uno de esos ilegales....? A mi que no robo, ni asalto viviendas que me jodan...",1,0,1,0.9878290891647339,1,0.9932842254638672,1,1,tie
"Una pregunta, por qué hay que alojarlos en sitios así y en cambio España está llena de indigentes que no se les da ayuda ningúna???
Si eres español puedes dormir en la acera pero si vienes de Marruecos te ponemos un hotel??",1,1,1,0.9466608762741089,1,0.9765545129776001,1,1,tie
Bueno !! Tiene su lugar viva basada en los principios básicos de la siniestra !!no valen más que para hacer  siniestros pero de los de hundir definitivamente!!!,0,0,0,0.061452336609363556,0,0.026855872943997383,1,1,tie
"Hay más que motivos.
 Adelante!!",0,0,0,0.01844148524105549,0,0.03330386430025101,1,1,tie
Los mismos zapatos y algunos con la misma camisa???? Se los llevaron también de compras??? Quién lo pagó????? 🤔🧐,0,0,0,0.15379682183265686,0,0.02136978507041931,1,1,tie
"Único país mundo #España permite invasores africanos acoge paga manutención estancia viaje fin curso, paga, ayudas, control PCR, falta pensiones vitalicias acosta españoles nos impongan religión musulmana sus normas costumbres consentimiento gobierno anarquista @user",1,0,1,0.9826967716217041,1,0.9925270080566406,1,1,tie
"Y el que le ha quemado la cara a un menor de 17 años...
Es que están saliendo unos casos que son terribles...
Que asco...",0,0,1,0.5678642988204956,0,0.05495002120733261,0,1,context_wins
"URL

La gente está fatal...",0,0,0,0.014705188572406769,0,0.005918324459344149,1,1,tie
"Detenido en noviembre, investigado por abuso sexual y explotación de menores con fines sexuales; en febrero está en la calle matando a otro. Independientemente del origen, en lo que no entro, es muy barato cometer delitos muy graves en España. URL",0,0,1,0.8677500486373901,1,0.9449506998062134,0,0,tie
"Pero a ver. ¿Es el mismo? Y que sí, que hay inmigrantes muy malos pero que españoles tb. Poner la etnia por delante de la persona es tener la mirada muy corta y muy sucia.",0,0,1,0.7550992965698242,1,0.610569953918457,0,0,tie
"Es el mismo de noviembre el que ha matado a uno en noviembre, en qué he mentido? Y no he dicho nada del origen, que me da igual. Tengo dos hijas, ninguna de mi “etnia”. Odio el término. Se me puede acusar de muchas cosas, de xenofobia te aseguro que no.",0,0,1,0.7132115960121155,0,0.12264824658632278,0,1,context_wins
"Dependiendo de su origen, al país más próximo y con mayor posibilidad de asimilación. No queremos más MENAs, gracias.",1,1,1,0.9545813798904419,1,0.988835871219635,1,1,tie
"si, los que vienen a pagar nuestras pensiones... Estamos arreglados. 😔",1,1,0,0.22464995086193085,1,0.5583620667457581,0,1,context_wins
"Dirán que 7€ entre 3 son 2,3€ para cada extranjero, y 3 para el español... Que no nos quejemos... No sé cómo no estallamos",1,0,1,0.5452364683151245,0,0.013087162747979164,1,0,baseline_wins
la misma mentira se repite en muchos países,0,0,0,0.14911800622940063,0,0.01771763525903225,1,1,tie
"El dato referido a extranjeros sin recursos es de 2010, hecho público en 2012, refritado por @user en 2014 y tuiteado en 2017. URL",0,0,0,0.3700132668018341,0,0.09340843558311462,1,1,tie
"Posverdad, desi9nformación, populismo y técnicas de dictaduras",0,0,0,0.05427155643701553,0,0.009288044646382332,1,1,tie
"Joder, es que lo de @user ya es de traca. No es sancionable el difundir mentiras a sabiendas?",0,0,0,0.018508901819586754,0,0.007254359312355518,1,1,tie
ya quisiera el gobierno de España que el gasto en sanidad fuera de 300 millones y no de 60.000,0,0,0,0.014259161427617073,0,0.013246261514723301,1,1,tie
¿Eso es falso? URL,0,0,0,0.03893252834677696,0,0.012107410468161106,1,1,tie
lo habéis justificado y contrastado genial!Ahora por qué no poneis datos oficiales d ayudas no contributivas? Para contrastar..,0,0,0,0.022526109591126442,0,0.008800869807600975,1,1,tie
Seguramente lo sea pero ¿Como lo demuestras o lo desmontas?,0,0,0,0.016739672049880028,0,0.007851743139326572,1,1,tie
es un argumento de racistas,0,0,0,0.3913273215293884,0,0.02425076626241207,1,1,tie
Por que no lo celebrais con los miles de inmigrantes que hay en Andalucía.  Quizás queréis que vengan más...habra menos oportunidades para los Andaluces que están fuera ..... URL,1,0,1,0.9509339928627014,1,0.9868130683898926,1,1,tie
"Fórmulas para arreglar el sistema de pensiones:
5) Eliminar las pensiones no contributivas a inmigrantes que no han aportado nada y que se pagan a costa de quitárselas a nuestros padres.
#PensionesDignas
URL",1,0,1,0.969842255115509,1,0.9922437071800232,1,1,tie
"6) Quitar subvenciones a inmigrantes. Nuestros padres han pagado impuestos toda su vida, antes de q ellos se queden sin pensión que los inmigrantes no tengan subvención. Ayuda al de fuera cuando sobre para los de dentro. No queremos a nuestros padres mendigando
#PensionesDignas URL",1,0,1,0.9792860150337219,1,0.9917224049568176,1,1,tie
Asi no es de extrañar que la ley de dependencia no llegua a casi nadie....,0,0,0,0.011774501763284206,0,0.0077853091061115265,1,1,tie
"En vez de integrarlas y liberarlas de sus cadenas, prefieren crear espacios donde sus maridos puedan seguir oprimiendolas",1,0,1,0.8388002514839172,1,0.9813787937164307,1,1,tie
Las pagarán ellos???,0,0,0,0.09167467802762985,0,0.11313427239656448,1,1,tie
"Pero las feminazis no dirán nada, mirarán para otro lado como siempre.",0,0,0,0.17828580737113953,0,0.02463286556303501,1,1,tie
Hay una prenda de baño k se llama burkini (parece coña pero existe)con las k se les está permitido bañar según su religión.. así k se dejen de películas y de crear playas para nadie k ellas si pueden bañarse con eso sin quedar mal con su religión,0,0,1,0.961523175239563,1,0.9848554730415344,0,0,tie
No habrá nadie tan necio para creer esto,0,0,0,0.014200693927705288,0,0.014550025574862957,1,1,tie
"Propongo como ""piso piloto"" el chalet de Pablo Iglesias dado que tiene una enorme piscina.",0,0,0,0.09820889681577682,0,0.013260193169116974,1,1,tie
Madre Mía la voz de su amo,0,0,0,0.20324213802814484,0,0.20699767768383026,1,1,tie
"También hay playas para los perritos.¡Buf que asquito,!Vendrán ya duchadas de casa,o se lavarán en la playa estas mujeres..",1,0,1,0.8595483303070068,1,0.785466730594635,1,1,tie
"Solo podía ser cosa de Podemos,que se las lleven ellos a sus piscinas privadas,o playas cercanas,o se adaptan a lo que ofrece España,primero higiene y después como todo el mundo.",1,1,1,0.9257470965385437,1,0.8536010980606079,1,1,tie
si eso es cierto creo que Mafalda tiene razon como siempre ¿no? URL,0,0,0,0.013396738097071648,0,0.00864312332123518,1,1,tie
Las de los perros no les valen?,1,1,0,0.32969382405281067,1,0.5027280449867249,0,1,context_wins
Y podremos los NO musulmanes compartir las mismas playas? O serán exclusivamente para ellos?,0,0,1,0.9628990292549133,1,0.9865554571151733,0,0,tie
De fuera vendrá quien de casa nos echará...,1,1,1,0.9171927571296692,1,0.9886453151702881,1,1,tie
"Que bien, yo quiero una playa solo para mi pero me cuesta encontrar una calita libre en este tiempo 😁🤣🤣",0,0,1,0.7151318788528442,0,0.33085668087005615,0,1,context_wins
Cuando la gente se de cuenta que es fake. ¿Borrarán los comentarios racistas? 😂😂,0,0,0,0.07502450793981552,0,0.009541942737996578,1,1,tie
"Jajajjaja jajajajajajaja que bueno tío, imagínate, como sabras si se está ahogando??? Si solo le ves los ojos?",0,0,0,0.23679673671722412,0,0.09058194607496262,1,1,tie
"quien pueda, que frene a estos gilipollas",0,0,0,0.3982655704021454,1,0.9301095604896545,1,0,baseline_wins
Que se lleve a bañar a las musulmanas a su chalet de Galapagar,0,0,1,0.9804690480232239,1,0.9876524209976196,0,0,tie
"Como esto siga así, en poco años estamos invocando a Don Pelayo.",0,0,0,0.028915297240018845,0,0.014004423283040524,1,1,tie
"Dios!.Otra imbecilidad,como puede esta gente superarse día tras día.
Vaya y la comparación son las playas nudistas o playas de gays.Pero merluzos,esos espacios públicos,como todos, no prohíben el acceso a nadie,mientras que lo propuestos sí.Lo q les gusta controlar las libertades",0,0,1,0.9038820862770081,1,0.8393662571907043,0,0,tie
"Será cuando gobiernen en España no? Pero esos desgraciados, miserable, malnacido, van a gobernar alguna vez este país?",0,0,0,0.049546562135219574,0,0.016537990421056747,1,1,tie
Jope ¡¡ que nivelazo¡¡,0,0,0,0.026899538934230804,0,0.0683453232049942,1,1,tie
Quieren quitarnos nuestras playas para dárselas a las extranjeras,1,0,1,0.9831827878952026,1,0.991634726524353,1,1,tie
"Las mujeres musulmanas deben ir a la playa en el mismo plan que las ""cristianas"". Dicho en serio,deben incorporarse a la Ilustración, a la Democracia y la República.",1,0,1,0.8791333436965942,0,0.05304555967450142,1,0,baseline_wins
"hay sitio elegido ya?,o tienen que preguntarles donde quieren que las pongan la playa?.",0,0,1,0.5184792876243591,0,0.045206598937511444,0,1,context_wins
Podezuela URL,0,0,0,0.09075623005628586,0,0.09717503190040588,1,1,tie
Podemos me va a tocar los huevos!!,0,0,0,0.07816965132951736,0,0.12953788042068481,1,1,tie
"Seguís inventando noticias, miente que algo queda",0,0,0,0.01894773356616497,0,0.010481571778655052,1,1,tie
Es dominio público hidráulico.  No te pueden impedir el acceso.,0,0,0,0.12892253696918488,0,0.021039554849267006,1,1,tie
jajaja xs5r7,0,0,0,0.027588360011577606,0,0.05098629742860794,1,1,tie
Seré breve : Y  UNA MI3RDA PARA PODEMOS Y OTRA PARA LAS MUJERES MUSULMANAS .,0,0,0,0.03143785893917084,0,0.059762369841337204,1,1,tie
Ni hablar. Ademas hay que prohibir llevar el velo.,0,0,0,0.2544530928134918,0,0.08942382037639618,1,1,tie
"Sólo faltaría ya que promoviéramos una religión que esclaviza los maujeres. O se integran o que se vayan de una pxta vez.
¡¡ Fuera musulmanes !!",1,0,1,0.8596598505973816,1,0.9774364829063416,1,1,tie
Sólo faltaría ya que promoviéramos una religión que esclaviza a las mujeres. ¡¡ O se integran o que se vayan de una pxta vez. ¡¡ Fuera musulmanes !!,1,0,1,0.8236911296844482,1,0.982286274433136,1,1,tie
Los de @user son la mayor MUGRE y BAZOFIA que pulula por los estercoleros de toda España. Sin mayores comentarios...¡Por cierto...ahora que se van los venezolanos a otros países por culpa del Gorila @user...¿no dice nada el Coletas? ¿Sigue apoyando al Gorila?!,0,0,0,0.09420054405927658,0,0.009754491969943047,1,1,tie
Pero que cojones! Que se vayan a la morería.,0,0,0,0.34498360753059387,0,0.05278551205992699,1,1,tie
"O sea, lo podemitas me excluyen por ser hombre y cristiano. En mi país. HDLGP",1,1,1,0.914030909538269,0,0.4892471134662628,1,0,baseline_wins
"Ya ves no tenemos otra cosa que hacer. Si es que los de Podemos, ya lo he dicho, siempre buscando lo más, de lo más descabellado. Los hombres de estas mujeres, que son los que mandan, que compren ventiladores con agua y listo. En casa pueden ir en cueros.",1,0,0,0.27349063754081726,0,0.011485518887639046,0,0,tie
"Tendremos que dejarlos. ¿Y lo vamos a permitir?...¡Se están cargando España! españoles, no los dejemos, salvemos nuestras costumbres y nuestra forma de vida.",1,0,1,0.9870032668113708,1,0.9934198260307312,1,1,tie
Otra barbaridad más de éstos de podemos...,0,0,0,0.0817524641752243,0,0.2770991027355194,1,1,tie
"El votante de Podemos metiéndose en la cueva en 3, 2, 1,... 😂",0,0,0,0.010103798471391201,0,0.0122828409075737,1,1,tie
😨no me lo puedo creer. ELECCIONES YA!!!! EL 6 DE OCTUBRE A LA CALLE!,0,0,0,0.014752477407455444,0,0.01034433115273714,1,1,tie
Me meo y me peo de la risa....!!!,0,0,0,0.03419475629925728,0,0.02368595264852047,1,1,tie
"“creará"" ja! Lo que van a hacer es quitarnos playas a nosotros para dársela a ellos. A tomar por culo os mandaba yo, sinvergüenzas!!",1,0,1,0.9499050974845886,1,0.9839193224906921,1,1,tie
"Me pregunto, ¿Por qué todo ese afán en favorecer lo musulmán por parte de esa izquierda potemita?... URL",1,0,0,0.024723749607801437,0,0.01008133590221405,0,0,tie
A lavar la ropa a casa.....Marruecos,1,1,0,0.4406563937664032,0,0.05660421401262283,0,0,tie
Lo que faltaba. Con lo contaminados que están los mares. Payasos!!!,0,0,0,0.10288775712251663,0,0.029562316834926605,1,1,tie
Mentira. Menudo medio fiable sois,0,0,0,0.058652613312006,0,0.03625500947237015,1,1,tie
"Qué coños va a crear podemos.
Sabéis cuánto duraría una secta como podemos en un país islamista???? Pues eso...",0,0,0,0.049273014068603516,0,0.03680457919836044,1,1,tie
Lo que se ahorran en crema....,0,0,0,0.047149188816547394,0,0.1071959137916565,1,1,tie
"Perdonen señores de Potemos, las playas españolas son de los españoles, dejen de tocar ya los cojones.",0,0,1,0.6156600117683411,0,0.20560024678707123,0,1,context_wins
"Pero qué país más gilipollas y ridículo tenemos. Las moras y los moros y los moritos que se bañen donee se bañan los españoles y, si no quieren, siempre pueden irse a tomar por el culo a su pais y hacernos un favor: no volver.",1,0,1,0.9879921078681946,1,0.9929779171943665,1,1,tie
"No hacen más que gilipolleces, lo que tienen que preparar es un buen plan de deportaciones, ya sobran muchos.",1,0,1,0.5299546122550964,1,0.9891092777252197,1,1,tie
Declaraciones como estas provoca además de risa reacciones racistas cada día son más y más patéticos,0,0,1,0.7130652070045471,0,0.22285044193267822,0,1,context_wins
es muy simple llegan a crear una playa asi y hay que ir en maza en tios y tias y que vean que en este pais no van a hacer lo que les de la gana,0,0,1,0.9689563512802124,1,0.9892889261245728,0,0,tie
"No hay que dejarles ,se están apoderándo ,poco a poco .",1,0,0,0.3023197054862976,0,0.3846890926361084,0,0,tie
Y una polla como la manga de un abrigo,0,0,0,0.03354085609316826,0,0.04938400909304619,1,1,tie
"Hay que joerse, prohíben las playas para los perros y ahora playas para las moras
Eso es hacer política lo demás es tontería 🤣🤣🤣",0,0,0,0.42377060651779175,0,0.4390864074230194,1,1,tie
No cabemos más ! Apago !,1,1,0,0.027967602014541626,0,0.04424722120165825,0,0,tie
"Y una mierda para ellos,no se lo creen ni puestos de grifa",0,0,1,0.5660769939422607,0,0.026036685332655907,0,1,context_wins
Pero qué bonitas van a quedar esas playas llenas de grajos negros,1,1,1,0.859085738658905,1,0.7638986706733704,1,1,tie
Aquí vemos la propuesta. URL,0,0,0,0.06617079675197601,0,0.03207008168101311,1,1,tie
"Se les van a poner los sudarios esos de arena y agua!!; Y pesarán, un quintal cada uno..
Aunque me lo júrasen por lo que fuese, no me creo yo que estén a gusto con esa prenda horrible, cruel, asquerosa, poco higiénica, fea, joder...",1,0,1,0.562853217124939,1,0.5664445757865906,1,1,tie
Prefiero que me habilite una zona para que mi perra pueda nadar,0,0,1,0.6376349329948425,0,0.29559454321861267,0,1,context_wins
"Ahí ahí potemos... intentando pillar algún voto jajaj porque de los españoles ya pocos, ya te han descubierto",0,0,0,0.01977650634944439,0,0.0222381092607975,1,1,tie
Y no se pueden bañar  en las mismas playas? Vaya una gilipollez!!😏,0,0,1,0.8906944990158081,1,0.9378226399421692,0,0,tie
¿Y eso se llama integración? Eso es una división como lo están haciendo en varios ámbitos y creará conflictos. La mierda del multiculti no funciona con el Islam porque son unos retrasados y los menos tolerante que existe!,1,0,0,0.4113799035549164,0,0.3395969271659851,0,0,tie
Podemos va a crear una mierda!,0,0,0,0.2503911852836609,0,0.17706696689128876,1,1,tie
Y por qué no hay playas para pasear con mi perro?,0,0,1,0.5612217783927917,0,0.2975693643093109,0,1,context_wins
Las playas son públicas... y de todos ‼️,0,0,0,0.21214762330055237,0,0.06145412102341652,1,1,tie
"Por una sola cuestión de higiene, sanidad y dignidad, deberían prohibir que las personas se bañen vestidas de esa manera.",1,1,0,0.4183988869190216,0,0.048000968992710114,0,0,tie
Quien les prohíbe ir a las normales?,0,0,0,0.13136206567287445,0,0.10337977111339569,1,1,tie
Las pondrán al lado de las nudistas ?,0,0,1,0.7247681021690369,1,0.8985445499420166,0,0,tie
Que se quiten todas esas capas de ropa y que se bañen como y en todo el mundo.....,1,0,1,0.7494484782218933,1,0.7604382634162903,1,1,tie
"La educación no puede ser diferenciada, por eso de la igualdad, pero si se pueden diferenciar las playas? Coherencia de izquierdas",0,0,0,0.01410582009702921,0,0.009167998097836971,1,1,tie
Y las feministas tan anchas.,0,0,0,0.04517890885472298,0,0.010920746251940727,1,1,tie
"¿Y estos defensores de la mujer aceptan crear playas solo para mujeres por que así lo quieren sus ""maridos""?",0,0,1,0.5066062808036804,0,0.125302255153656,0,1,context_wins
Perfecto! Así sabremos donde no tenemos que ir....,0,0,1,0.9494664072990417,1,0.9843630194664001,0,0,tie
Futuros votantes,0,0,0,0.12939397990703583,0,0.02723762020468712,1,1,tie
"¿ para cuando una para las mujeres de los maltratadores ? Viene siendo lo mismo, no ?...así ellos se quedarán tranquilos sabiendo que a sus propiedades no les va a estar observando ningún otro macho que no sea su esposo.",1,0,1,0.6977111101150513,1,0.8673822283744812,1,1,tie
No puede ser cierto,0,0,0,0.029980460181832314,0,0.019138719886541367,1,1,tie
"Está visto menos hacer políticas para sacar a España hacia adelante, cada día sueltan algún chorrada mas",0,0,0,0.01306076254695654,0,0.011557118967175484,1,1,tie
Podemos va a crear pollas,0,0,0,0.3975660502910614,0,0.3784712255001068,1,1,tie
Si quieren playas que se vayan a su pais. Que se adapten a nuestras constumbres o que se largen.,1,1,1,0.9838367104530334,1,0.9921281337738037,1,1,tie
"PUES EN ESPAÑA, EN EUROPA, NO DEBEMOS CONSENTIR ESTO, ¿POR QUÉ VAMOS A DARLES ESTOS PRIVILEGIOS ?, SI FUERAMOS LOS DEMÁS A SUS PLAYAS,¿NOS PERMITIRÍAN IR EN BAÑADORES, BIKINIS, O HACER TOP LESS? PUES ESO...YA VALE DE HACER EL GILIPOLLAS Y REGALARLES EL TERRENO Y NUESTRA LIBERTAD.",1,0,1,0.9782614707946777,1,0.9865323901176453,1,1,tie
"Vaya lío, playa de mujeres musulmanas y al lado playa nudista, al lado playa de perros, al lado para mayores de 18, al lado para alérgicos al gluten... Lo dicho un lío hasta ir a la playa!",0,0,1,0.9642857313156128,1,0.9614555239677429,0,0,tie
Creo que será una broma esto lo que faltaba 😀😀😀😀😀,0,0,0,0.036483246833086014,0,0.013526969589293003,1,1,tie
Que las creen en su casa!!!,0,0,1,0.9447090029716492,1,0.9876392483711243,0,0,tie
"Pablemos, te las puedes llevar a la piscina de tú  casa.",0,0,1,0.5184508562088013,1,0.5356835722923279,0,0,tie
Eso que tomen el sol!,0,0,0,0.05196293070912361,0,0.05917593091726303,1,1,tie
"Playas nudistas para las  moras y que así de una vez sientan lo que es la Libertad, @user      Payaso",1,0,1,0.9355288147926331,1,0.629587709903717,1,1,tie
"Para poner playas para perros ponemos el grito en el cielo , pero después leo esto y alucino , no porque no tengan derecho , si no porque esto los políticos lo apoyan y lo otro no se mojan para que podamos pasar las vacaciones normales con nuestras mascotas.",0,0,1,0.5531225800514221,0,0.20887842774391174,0,1,context_wins
Pues lo siguiente sera pedir poder cortar nuestras cabezas,0,0,0,0.3103806674480438,1,0.5544788241386414,1,0,baseline_wins
Hay que ser tonto para creerse esta noticia,0,0,0,0.0164578128606081,0,0.010814938694238663,1,1,tie
URL  pero quién tiene tan poco cerebro de creerse a este panfleto de fakes,0,0,0,0.02554151974618435,0,0.01088449452072382,1,1,tie
E Iglesias el sultán del harén,0,0,0,0.08782634139060974,0,0.09014490991830826,1,1,tie
"Podríais al menos eliminar la noticia ahora que se sabe que es falsa, ¿no?
Vale que manipuleis, que mintais, que odieis, pero al menos podríais tener un poco de dignid.... bueno, haced lo que queráis...
@user #FelizViernes URL",0,0,0,0.0193838682025671,0,0.008079318329691887,1,1,tie
"¿Noticia del 2015?  Ahora que el titular sea...  ""La Episcopal española pide una playa privada para los fieles católicos ""  Declaran  que el desnudo del topless y según que trajes de baños no son para católicos.

A ver cuanto duraría  en decir algo alguien...",0,0,0,0.15244214236736298,0,0.01145897340029478,1,1,tie
Que vergüenza que una mujer tenga que ir a otra playa porque los hombres sean unos cerdos acosadores,0,0,0,0.44369420409202576,0,0.029921608045697212,1,1,tie
El harem del coletas.,0,0,0,0.08418788015842438,0,0.09491576999425888,1,1,tie
Las contradicciones de la izquierda rancia !!! Y los ciegos sectarios sin abrir los ojos!!!,0,0,0,0.036517683416604996,0,0.009969751350581646,1,1,tie
"Jajajaja musulmanas en la playa con poca ropa. Al menos lee la noticia que comentas para no quedar como una inculta. Poca ropa dice, si van tapadas de pies a cabeza y no pueden meterse ni en el agua.",1,0,1,0.9844472408294678,1,0.9897685050964355,1,1,tie
"Por cierto, no se de donde sacas que me parece normal que acosen a las mujeres.. Ni por ir con poco ropa, ni por no llevar nada. Cada uno que vaya como quiera y no obligado como las mujeres musulmanas. La solución no es la separación si no la integración.",1,0,1,0.9486240148544312,1,0.9776380658149719,1,1,tie
Yo quiero una playa para monjas católicas. Si esto te parece una tontería... lo de la playas para mujeres musulmanas también lo es.,0,0,1,0.5144580602645874,0,0.05131850391626358,0,1,context_wins
"Si lo hacen, deberíamos ir todos allí con nuestros perros. Yo pagaría la multa encantada",0,0,1,0.9025490880012512,1,0.9660829305648804,0,0,tie
Y por qué no se la lleva el Pablo e Irene a su piscina??,0,0,0,0.324528306722641,0,0.03730270266532898,1,1,tie
"Pero si ellas se bañan en la playa!!vestidas pero sin problema, lo que si que no me parece que lo hagan en las piscinas!!",1,0,1,0.6881544589996338,1,0.5178624987602234,1,1,tie
"¿Qué?. La playa es pública, (es para todos). Pueden ir a la playa, cuando quieran , compartiendola con el resto, como todos. Pero, lo de dejar una zona sólo para ellos. Ni de coña.  ¿Es que no quieren integrarse?",1,0,1,0.8532785773277283,1,0.795204222202301,1,1,tie
"Entonces,... ¿Es mejor que sigan yendo a la playa tapadas porque no guste que se creen zonas exclusivas de baño?

Sé que la idea es controvertida pero no creo que la idea sea mala. La iniciativa me parece bien.",0,0,0,0.3057350218296051,0,0.0478043295443058,1,1,tie
"Yo puedo ir si quiero a una playa nudista o una playa gay y no me daran ostias.

Incomparable totalmente! URL",0,0,1,0.7992345094680786,1,0.8240410685539246,0,0,tie
Eso se llama apartheid. ¿También crearán una playa para negros y otra para blancos? 😳,0,0,0,0.30873218178749084,0,0.1400958150625229,1,1,tie
Y quién o qué es podemos para crear nada?,0,0,0,0.05931445583701134,0,0.019188040867447853,1,1,tie
"Playas privadas tb??!
Qué privilegio!!!! Ni Kasogui!!!!
Pues yo quiero una playa privada para mí y para mis invitados; lo mismo no queremos ser observados por el resto del mundo.
Lo q hay que ver, leer y escuchar!!",0,0,1,0.6842955946922302,0,0.03787302225828171,0,1,context_wins
"Con podemos puede suceder como en Venezuela, que nadie va a la playa porque se pasan el día haciendo cola para ver si pueden comprar algo para comer",0,0,1,0.9566980600357056,1,0.7655988335609436,0,0,tie
Pues pasearé allí con mi mascota y QUE ARDA EL MUNDO!!!!! URL,0,0,1,0.9353986978530884,1,0.9640296101570129,0,0,tie
....lo prefiero,0,0,0,0.05054587125778198,0,0.07978847622871399,1,1,tie
Todas las playas son dominio público. #NoALosGuetos,0,0,0,0.3647325038909912,0,0.07216589152812958,1,1,tie
Pero las podrán acosar sexualmente lod suyos como hacen con las demás mujeres?,1,0,1,0.7750086188316345,1,0.8551419377326965,1,1,tie
Que Nine aquí podemos 🖕,0,0,1,0.7239019274711609,0,0.48307880759239197,0,1,context_wins
Montaremos una nudista a su lado,0,0,0,0.3899325132369995,1,0.8866891860961914,1,0,baseline_wins
"Para equilibrar en los paises del islam debería de haber playas para nudistas, a ver cuando",0,0,1,0.9528131484985352,1,0.9268031120300293,0,0,tie
"""Islamizando"" nuestras playas, que son de dominio público?

Privatización a la musulmana?

Es éste vuestro concepto de feminismo?

@user",1,0,1,0.816994845867157,1,0.9744940996170044,1,1,tie
"Que alguien de #Podemos me explique, por favor, cómo se puede luchar por el feminismo y la igualdad y a la vez por el burka y la mujer en el islam.",0,0,0,0.07358931005001068,0,0.014876523055136204,1,1,tie
"Yo quiero mas playas nudistas, que cada vez hay menos y los de podemos y amigos las estan prohibiendo",0,0,1,0.8919118046760559,1,0.9565451145172119,0,0,tie
Patéticos los de Podemos como siempre.,0,0,0,0.016964590176939964,0,0.019556311890482903,1,1,tie
Pueden ponerles las playas de las sombrillas amarillas,0,0,1,0.808886706829071,1,0.7154447436332703,0,0,tie
"A eso se le llama ""integración""!! En Barcelona hace poco también @user ha hecho una playa exclusiva para poder ir con perros!
Hace tiempo que hay playas exclusivas para nudistas...
Enfin, nos vamos a quedar sin Litoral como sigamos integrando tantas singularidades!",0,0,1,0.7791334986686707,1,0.5169165134429932,0,0,tie
Esto es una broma ¿verdad?,0,0,0,0.026411624625325203,0,0.020174536854028702,1,1,tie
Creo que me voy a dar una vuelta por alli en top less...,0,0,0,0.3953253924846649,0,0.05160246044397354,1,1,tie
Discriminatorio con los demás ciudadanos. Si fuera al revés se echarían las manos a la cabeza y nos llamarían racistas y xenófobos,1,0,1,0.912956714630127,1,0.8964561223983765,1,1,tie
"Que vergüenza marcando las curvas que provocativas, que vergüenza. 🤣🤣🤣",0,0,0,0.0595875084400177,0,0.011705000884830952,1,1,tie
Los buenos de las fake news están de vacaciones,0,0,0,0.014123409986495972,0,0.01453996542841196,1,1,tie
"Y no es más fácil mandarlas a las playas de Marruecos, Argelia, Túnez, Libia.
Además esto les permitiría estar acompañada por sus queridos maridos, amigos o ""vigilantes"".
A que es buena idea, Pablito? 😎",1,0,1,0.9461243152618408,1,0.9395442605018616,1,1,tie
"Y sus maríos en las que no son para musulmanas, marisqueando a nuestras mujeres e hijas",1,0,1,0.9779348969459534,1,0.992110550403595,1,1,tie
VIOLANDO,1,0,0,0.10945068299770355,0,0.03220371529459953,0,0,tie
"El tema es URGENTE!!
#YoVotoVox
#VOXExtremaNecesidad
#EleccionesGeneralesYA
#FronterasSeguras
#SanchezDimisión
#SánchezVeteYa
#DefiendeEspana
#EleccionesYa
#VOXÚnicaOposición
#VOXAvanza
#VOXÚtil
#Inmigración
#FronteraSur
#DespiertaEuropa
#VoxAhora
#España",0,0,0,0.08385007083415985,0,0.02196718566119671,1,1,tie
Podemos no va a crear nada que este fuera de villatinaja 😁😁👍,0,0,0,0.13567349314689636,0,0.062489014118909836,1,1,tie
"Hay que llenarlas de medusas, si es que éstas no se asustan. El colETA está financiado por Irán. A alguien le extraña este esperpéntico planteamiento? URL",0,0,0,0.05627100169658661,0,0.014121557585895061,1,1,tie
"El día q la abran me iré a bañar en pelotas.. es más, una macroquedada nudista estaría de cine Todo acompañado de una buena Barbacoa",0,0,0,0.422943115234375,0,0.3466356694698334,1,1,tie
En la playa de Galapagar.,0,0,0,0.11375566571950912,0,0.07269589602947235,1,1,tie
"Espero que sea broma. Y si es así, para que disfruten debajo de ese PUÑETERO traje moderno que llevan, pongan esa zona, al lado de una playa nudista, a ver que pasa.",1,1,1,0.7193405628204346,0,0.10887286067008972,1,0,baseline_wins
Crear una playa para ellas ya es descriminarlas en si. Asi que su fin resulta ser una mierda,0,0,1,0.8900313973426819,1,0.9002673029899597,0,0,tie
Que la pongan al lado de las nudistas 🤣🤣🤣😂😂😂😂😂😂😂😂,0,0,0,0.31661587953567505,0,0.026298535987734795,1,1,tie
Mientras elijen playa pueden ir utilizando la piscina privada del jefe de Jodemos.,0,0,1,0.6663373708724976,0,0.16642364859580994,0,1,context_wins
Más valía que crean más playas para perros... que por lo menos alegra la vista verlos jugar en el mar y no está subespecie humana que da auténtica pena verlas.,1,0,1,0.7849286794662476,1,0.7345941662788391,1,1,tie
Perdon???? Lo que faltaba ya!!!,0,0,0,0.02768896333873272,0,0.03639354929327965,1,1,tie
Yo también quiero mi playa!,0,0,1,0.7534463405609131,0,0.2351045459508896,0,1,context_wins
"Pues que las pongan en Marruecos y así, con un poco de suerte no vuelven",1,1,1,0.9611623883247375,1,0.9871842265129089,1,1,tie
Las has visto bañarse alguna vez de esa guisa? Cuando se meten en el agua son pompas negras! 😂😂😂😂,0,0,0,0.37566548585891724,0,0.046509888023138046,1,1,tie
Es una trola,0,0,0,0.03749995306134224,0,0.12949445843696594,1,1,tie
"Algo tienen que soltar para que no se hable de la subida de impuestos y la subida de techo de gasto a costa de nuestros sueldos ni las ilegalidades que aprueban con sus socios totalitarios, PSO€ y bilduetarras...",0,0,0,0.06865743547677994,0,0.014032586477696896,1,1,tie
Me está haciendo mucha gracia la gente que se lo está creyendo 🤣🤣,0,0,0,0.013088302686810493,0,0.008395500481128693,1,1,tie
"Pues no se las pongas al lado de la playa para estas, porque los musulmanes dicen que los perros son animales impuros, lo mismo que dicen de las mujeres que no son musulmanas.",1,0,1,0.7673314213752747,0,0.47571584582328796,1,0,baseline_wins
"En mi playa noooo, en playa vas como te de la gana pero a cara descubierta",0,0,1,0.7086886167526245,0,0.096897192299366,0,1,context_wins
Que lo intente,0,0,0,0.0818227082490921,0,0.07846566289663315,1,1,tie
"En los Monegros, es lo normal.",0,0,0,0.0778069719672203,0,0.06271488964557648,1,1,tie
Podemitas SOIS RETRASADOS MENTALES,0,0,0,0.053099676966667175,0,0.10421532392501831,1,1,tie
En Perejil hay sitio,0,0,0,0.14234881103038788,0,0.10484784096479416,1,1,tie
"Y las playaa para los españoles, estaran o estara marcada? Porque a este paso no nos quedara ni una",1,0,0,0.1159524992108345,0,0.036550529301166534,0,0,tie
Que no se sientan discriminadas ????????a vale que en su país no lo estan.,1,0,1,0.9028162956237793,1,0.8918797373771667,1,1,tie
"Los que tenemos perros no podemos llevarlos a la playa, nos sentimos discriminados. ¿Van a crear playas para mascotas?",0,0,1,0.6351429224014282,1,0.7181845307350159,0,0,tie
"En vez de decretar su libertad de los trapos negros y prohibirlos, les dara playas para q sigan como animales",1,0,1,0.9619032144546509,1,0.9922710657119751,1,1,tie
"Esto es una broma...... La mayor desgracia para una mujer,es nacer en un pais musulman",0,0,1,0.7414106726646423,1,0.924018919467926,0,0,tie
"Es #bulo #fakenews.
Bastante con lo que hacen para desviarnos...",0,0,0,0.03238872066140175,0,0.012937383726239204,1,1,tie
"Al margen de bulo.
Esto no atentaría contra la ley de costas?
A lo tonto, nos están ""privar-tizando"" las playas. Que si ""perros"", que si "" no-fumadores"", que si ""yoquesé""...",0,0,1,0.9490461945533752,1,0.9833999276161194,0,0,tie
"Creo que en Arabia Saudí las mujeres están tan integradas que no pueden conducir, tienen que ir cubiertas has las pestañas a la playas, no pueden viajar solas sin consentimiento de algún hombre de la familia...si estas inmigrantes es eso lo que buscan, que cambien de país!",1,0,1,0.9752238392829895,1,0.9869924783706665,1,1,tie
"No dudo q lo deseen, pero de ahí a que se atrevan a proponerlo va un mundo.",0,0,0,0.016496120020747185,0,0.009812003001570702,1,1,tie
"Pues visto lo visto, prefiero q proliferen las nudistas y mira q no va conmigo",0,0,0,0.18967393040657043,0,0.022789496928453445,1,1,tie
"Pues si, porque ellos aman a los musulmanes",0,0,1,0.8825542330741882,1,0.9676400423049927,0,0,tie
"En su país a playa para ellos, no??? Que se vayan allí. A ver si en una playa que yo llevo yendo toda mi vida. Se la dan para ellos solitos. Eso es discriminacion",1,0,1,0.9840877652168274,1,0.9926733374595642,1,1,tie
"Yo también quiero una, que soy budista",0,0,0,0.10567305982112885,0,0.027339952066540718,1,1,tie
"Hace mucho que son así. No sé qué los hizo dejar de ser vikingos, pero fue antes que los musulmanes fueran un problema",1,0,0,0.29296669363975525,0,0.026341065764427185,0,0,tie
Que agudo; los rojos quieren ser musulmanes.,0,0,0,0.027315031737089157,0,0.016820434480905533,1,1,tie
"los rojos son agnósticos o ateos, lumbreras.",0,0,0,0.029301175847649574,0,0.004506728611886501,1,1,tie
"El catolicismo es una ofensa para nuestros ""hermanos"" Musulmanes. Ya denunciaron a España nuestros ""hermanos"" Por las procesiones de Semana Santa
URL",0,0,1,0.9682071805000305,1,0.6185480952262878,0,0,tie
Si es una ofensa....que hay que hacer...,0,0,0,0.1697261929512024,0,0.006258768029510975,1,1,tie
"Esta asignatura se enseña por solicitud de los padres al igual que el catolicismo, no van a substituir nada solo añadir algo más por quejas de la comunidad musulmana",0,0,1,0.5441839694976807,0,0.13506057858467102,0,1,context_wins
"Así es amigo , alguno ya por ahí
hay mucho desconocimiento de cómo cambiará este país , si seguimos mimando a esta cultura , totalmente incompatible con la nuestra .Musulmanes a su país !",1,0,1,0.9880461692810059,1,0.9935051202774048,1,1,tie
"* Alguno por ahí ya hay
( Musulman en rampa de despegue y escalando  )",0,0,1,0.8701313138008118,0,0.4005339741706848,0,1,context_wins
Pues que se jodan.  Este año todos a procesionar aunque no seas creyente,0,0,0,0.04614804685115814,0,0.03321493789553642,1,1,tie
"Colegios vascos eliminan a “Jesús” de los villancicos para no molestar a los alumnos musulmanes URL vía @user

Los musulmanes se ponen como objetivo ""destruir la Navidad"": ""Es un insulto a nuestras costumbres. Va en contra de… URL",1,0,1,0.956531822681427,1,0.9808581471443176,1,1,tie
De donde has sacado los listado Agustín,0,0,0,0.046906355768442154,0,0.07181349396705627,1,1,tie
De los violadores inmigrantes no se habla para que no se genere islamofobia y a los agresores de extrema izquierda no se les detiene para que la sociedad no abra los ojos.,1,0,1,0.9765026569366455,1,0.9887739419937134,1,1,tie
"Y todo esto financiado con el dinero de los inmigrantes que VOX se quiere deshacer! Hahaha!! Abbas Khaal tendrá trabajo para justificar que lo paguen iraníes! Y el otro, el SMITH español, muy español URL",1,0,1,0.9575718641281128,1,0.989938497543335,1,1,tie
Inmigrantes?🤣🤣🤣.Deja las drogas y Smith no es Español?Ha venido en alguna patera?No tiene ningún antepasado Español?🤡🤡🤡🤡🤡🤡🤡🤡.Hablando de moros.Que hay detrás de que todos los partidos hayan colaborado con la invasión islámica?El dinerito Saudí,0,0,1,0.9479564428329468,1,0.9300612211227417,0,0,tie
"Otro aborregado que defiende EL GOLPE de Estado. Pues Tantori, vas a tener @user Y @user en el TSJ para que no salgan de la cárcel en unos años tus amigos golpistas. Por lo menos gracias a Vox ya llevan una temporada en la cárcel, es decir, su sitio.",0,0,0,0.15057413280010223,0,0.008001692593097687,1,1,tie
"Sois el populismo de extrema derecha sazonado con el más rancio tradicionalismo reaccionario español. Conspiración francojudeica, culpabilización del inmigrante, exaltación de lo irracional, identificación de un enemigo origen de todo problema...ni venceréis ni convenceréis.",0,0,1,0.6093749403953552,0,0.014202671125531197,0,1,context_wins
"Otro aborregado que defiende EL GOLPE de Estado. Pues Rodri,  vas a tener @user Y @user en el TSJ para que no salgan de la cárcel en unos años  tus amigos golpistas. Por lo menos gracias a Vox ya llevan una temporada en la cárcel, es decir, su sitio.",0,0,0,0.13707873225212097,0,0.0032706125639379025,1,1,tie
Millones?? Contáis españoles igual que inmigrantes frente a la valla. 🤣🤣,0,0,1,0.8093507885932922,0,0.015048522502183914,0,1,context_wins
Los parasitos de esta sociedad los perroflautas a toda esta chusma se le va a acabar el chanchuyo cuando vox este en el gobierno central los inmigrantes ilegales en general la gentuza,1,0,1,0.9867783784866333,1,0.992830216884613,1,1,tie
"Y ahora nos iluminas con que quieres eliminar las Comunidades Autónomas y los chiringuitos de amiguetes. Menudo charlatán !!!
No hablas de cómo luchar contra el paro, de la sanidad, la educación, los impuestos.....sólo de los comunistas y nacionalistas catalanes y la inmigración",0,0,0,0.2957528829574585,1,0.9601157307624817,1,0,baseline_wins
Robo canallesco a los españoles,0,0,1,0.8054197430610657,1,0.9593241810798645,0,0,tie
Disculpe. De qué es ese listado?,0,0,0,0.029565151780843735,0,0.020175965502858162,1,1,tie
Seguro que tú ya cobras muy bien del estado.,0,0,0,0.031758978962898254,0,0.008884022012352943,1,1,tie
"Los bulos tienen muchos objetivos, uno de sus principales son las personas inmigrantes y refugiadas.

Uno de cada 3 preguntas que nos hacéis son potenciales desinformaciones sobre migraciones. Recibe nuestros desmentidos en tu WhatsApp

#MalditaMigracion

URL",1,0,1,0.55552077293396,0,0.20785243809223175,1,0,baseline_wins
"Aquí puedes apuntarte a nuestro boletín.

Luchemos en todos lados contra la mentira.

URL",0,0,0,0.05257141590118408,0,0.003754282835870981,1,1,tie
Os voy a poner una facilidad podéis desmentir qué todas las agresiones sexuales de este 2019 en España son de personas nacidas en el extranjero?,0,0,1,0.5903264284133911,1,0.8956025838851929,0,0,tie
Excelente y necesario proyecto contra los bulos de la inmigración. Preveo un aumento importante conforme se acerquen las elecciones en Valencia. No estáis en Telegram?,0,0,0,0.09011305123567581,1,0.5854929685592651,1,0,baseline_wins
Estamos por aquí ➡ URL,0,0,0,0.14853103458881378,0,0.00820181891322136,1,1,tie
"Me gustaría saber que pasará cuando los inmigrantes vengan creyendo que esto es Jauja y se encuentren con la dura, fría y cruda realidad. Si los que tienen arraigo en el país se las ven y se las desean para salir adelante, normalmente con ayuda familiar, a ver como se lo montan.",1,1,1,0.9720759391784668,1,0.9845805764198303,1,1,tie
"Se os acabó el difamar, mentir y crear informaciones falsas sobre inmigración.  👏👏👏👏
@user
@user
@user
@user
@user
@user
@user
@user
@user
@user
@user",0,0,0,0.10759752988815308,0,0.014402365311980247,1,1,tie
"Más del 30% de la violencia machista viene de la mano de inmigrantes.

Ese dato vale?",1,0,1,0.8378742933273315,1,0.8726813793182373,1,1,tie
"😂

Te tienes que reír",0,0,0,0.06903763115406036,0,0.004370253067463636,1,1,tie
Estaba esperando esto desde hace algún tiempo y más ahora porque estoy hasta las narices de los bulos de inmigración que llevan el último mes pasando en el grupo de la familia. ¡Gracias!,1,0,1,0.7816901803016663,1,0.8486550450325012,1,1,tie
"Vaya!!! Siempre luchando hacia inmigrantes, y luego ves viviendo en trastero mujer mayor con hijo discapacitado",1,0,1,0.9611556529998779,1,0.9560672640800476,1,1,tie
Qué porcentaje de los asesinos machistas son inmigrantes?,0,0,1,0.7199748158454895,0,0.019723137840628624,0,1,context_wins
Ya que solo acusas   inmigrantes muchas violadas de esa lista son inmigrantes,1,0,0,0.22432929277420044,0,0.1703406423330307,0,0,tie
"Y? No te sigo, es menos delito si violan a una inmigrante?",1,0,1,0.9534666538238525,1,0.9786807298660278,1,1,tie
"Para mi es lo. Mismo pero para ti no, es mas delito un. Inmigrante y para mi son todos unos mierdas incluido españoles",0,0,1,0.9446091055870056,1,0.7142320275306702,0,0,tie
"Lo explico otra vez, nace una cuenta anti bulos y yo pongo un supuesto bulo de alguien cercano a VOX, una lista de violaciones. ¿Es verdad, mentira, cierta la mitad? Es lo que quiero saber y no me han aclarado por ahora. La lista es amplia, supongo estará en estudio.",0,0,0,0.027538325637578964,0,0.004279453307390213,1,1,tie
"Hola !! Muy buena idea!! Ayer casualmente recibi un WhatsApp donde decia que se dejara de atudar a los inmigrantes y asosiaciones . Pedia que se difundiera..a quien me lo envio le dije que me diera argumentos. Aun los estoy esperando. Le dije eres, un ignorante.",0,0,1,0.8970270156860352,1,0.9702107310295105,0,0,tie
"Que me podéis decir sobre esto :Es alucinante, casi 7000 inmigrantes en el listado, con una paga alucinante, que nadie tendremos en la jubilación, a pesar de trabajar 40 Años. Difundirlo si os parece bien, se tiene que enterar muchísima gente, algo hay que hacer.",1,0,1,0.5082739591598511,1,0.9286442399024963,1,1,tie
"No necesito bulos para odiar a la gente, inmigrantes o españoles, a todos por igual",0,0,0,0.498089462518692,0,0.017448825761675835,1,1,tie
"Qué bien que siga creciendo. Para contar cosas como esta:
Españoles o inmigrantes: las cifras reales de quién recibe más ayudas al alquiler URL",0,0,1,0.5349746942520142,0,0.030691074207425117,0,1,context_wins
Han llegado a España mas del 70% de los inmigrantes recibidos en toda Europa en este último año. Hala a desmentir eso.,1,0,1,0.6310350894927979,1,0.8772404193878174,1,1,tie
"Segun ese articulo, un 10% de residentes en españa (inmigrantes), reciben del 40 al 50% de las ayudas.

Todo muy normal.",1,0,1,0.8076180815696716,0,0.01622948795557022,1,0,baseline_wins
¿Y si empiezas demostrando que ese porcentaje es real? Porque los datos de Eurostat llegan hasta 2016 y no concuerdan con ese 70%: URL,0,0,0,0.016706036403775215,0,0.004162395838648081,1,1,tie
"Según el INE de 2010 ya éramos el 2º País Europeo con mas inmigrantes (y mas en % sobre población). Ahora Alemania nos manda los que no quiere, Francia nos los deja en la frontera y el OPEN ARMS tiene barra libre en nuestros puertos (cuando se cierran en toda Europa). ¿miento? URL",1,0,1,0.924232542514801,1,0.9494695663452148,1,1,tie
"Lo del ""español"" que ha matado a su hermana en Viena es un bulo? Es un bulo que es uno de esos tan maltratados inmigrantes que se vieron premiados con una nacionalidad española que ahora ARRASTRAN por los suelos de Europa? Maldito bulo, eh?",1,0,1,0.9867466688156128,1,0.9875800013542175,1,1,tie
"Nadie se puede oponer al Plan Kalergi. La inmigración ilegal a la fuerza, obligatoria, sin consenso y sin preguntar al pueblo. Todo muy democrático. Solilaridad obligatoria y dirigida.",1,0,1,0.7905271649360657,1,0.9855241179466248,1,1,tie
"No te preocupes, peor están en lo países de los que vienen. Tu dura y fría y cruda  realidad es un paraíso para estas personas.",1,0,1,0.9693784117698669,0,0.020995745435357094,1,0,baseline_wins
"que tal si empezais por enseñar en plan barrio sesamo lo que es:
emigrante, migrante, inmigrante
que parece que a los periodistas, carrera de letras, se les olvido la ultilidad de la E y la I URL",0,0,1,0.8020904660224915,1,0.6304994821548462,0,0,tie
"Dijiste que ""han LLEGADO a España más del 70% de los inmigrantes recibidos en toda Europa en este último año"". Las cifras de inmigración de Eurostat no concuerdan. Quizá querías decir algo distinto. Poner capturas (de 2010) sin enlaces no es mucho refrendo.",0,0,0,0.21956340968608856,0,0.10015754401683807,1,1,tie
La culpa la tienen gobiernos como éste y el de Zapatero!,0,0,0,0.0116659514605999,0,0.004955638665705919,1,1,tie
Gracias por luchar contra la desinformación 👩‍🔧👩‍🔧 No compartir es clave!,0,0,0,0.03194606676697731,0,0.005647065583616495,1,1,tie
"Visto que la población europea es la mitad que la de las de las dos zonas de donde vienen los inmigrantes, ¿os  parecería razonable establecer un tope máximo de admisión de emigrantes en Europa?? URL",1,1,1,0.7843223810195923,1,0.9601391553878784,1,1,tie
"Anda.....informaréis sobre los casos de abusos de menores de intermon oxfan???......seguro que no.....son ellos los que os pagan......ya sabemos  el tipo de información que ofreceremos.....gracias pero no me interesa

#StopInmigracionIlegal
#StopMafiasInmigracionIlegal",0,0,0,0.4790486693382263,0,0.45257890224456787,1,1,tie
"**Es alucinante, casi 7000 inmigrantes en el listado, con una paga alucinante, que nadie tendremos en la jubilación, a pesar de trabajar 40 Años. Difundirlo si os parece bien, se tiene que enterar muchísima gente, algo hay que hacer.**
URGENTE:",1,0,1,0.6736230850219727,1,0.9556450247764587,1,1,tie
"Pasar a todos los contactos posibles..
Se está ocultando o se dan datos disminuidos... están entrando millares de nigerianos (o negros) y musulmanes violentamente en nuestras fronteras del sur de España.",1,0,1,0.9881497621536255,1,0.9928908348083496,1,1,tie
Lo que es absolutamente cierto es que ya hay más ignorantes que personas con criterio compartiendo estas noticias falsas.,0,0,0,0.03287273645401001,0,0.00959248561412096,1,1,tie
De bulos nada..,1,0,0,0.02150087058544159,0,0.087786965072155,0,0,tie
"Si por lo menos dijesen alemanes o franceses, tendría un pase",0,0,1,0.8148807883262634,0,0.12440045922994614,0,1,context_wins
Solo hay que esperar lo suficiente. Aquí seguimos centrados en lo importante. URL,1,1,0,0.02593371272087097,0,0.01933322101831436,0,0,tie
"La última vez que estuve en Fuerteventura, más marroquies que maxoreros no creo pero gallegos, ahí, ahí.",0,0,1,0.5856261253356934,0,0.43880167603492737,0,1,context_wins
"Espero y deseo que las personas que han hecho esto, tengan tiempo de reflexionar sobre ello en la cárcel. Algún día ellos saldrán de prisión, pero ese chico ya no estará más entre nosotros. Vaya desde aquí mi condena por esto. Un saludo.",0,0,1,0.5802955627441406,0,0.08233249187469482,0,1,context_wins
A ver si os informáis que llevan 13 detenidos URL,0,0,0,0.2243751436471939,0,0.04481368511915207,1,1,tie
¿Pero no se detuvo a 13 personas? ¿En qué quedamos?,0,0,0,0.24735744297504425,0,0.0791245698928833,1,1,tie
Y a que esperáis????,0,0,0,0.036848992109298706,0,0.06142750382423401,1,1,tie
¿En la madrugada del sábado al domingo?.,0,0,0,0.032510507851839066,0,0.031063508242368698,1,1,tie
No había 13 detenidos???? Y los dos policías de Madrid q agredieron a una pareja de esos sabéis algo o tampoco??? Solo os dais prisa xa desahuciar a abuelas y niños???,0,0,1,0.6683332324028015,0,0.11920955032110214,0,1,context_wins
Algunos medios de desinformación lo están desmintiendo ahora. Gracias por informar. Ojalá se detenga pronto a los culpables.,0,0,0,0.062098126858472824,0,0.010575576685369015,1,1,tie
Y con respecto a esto se sabe algo? URL,0,0,0,0.04357895627617836,0,0.015425906516611576,1,1,tie
"Estarían hasta arriba de droga, a saber que les vendería el camello de turno.  ASCO A LA MALDITA DROGA QUE DESTROZA FAMILIAS!",0,0,1,0.8138225674629211,1,0.8624006509780884,0,0,tie
pues bro hazte tu policia y agilizas las cosas no te jode sera que no hay cientos de denuncias al dia en cada cuidad..... la cosa es quejarse,0,0,1,0.5303298234939575,0,0.008489007130265236,0,1,context_wins
Como es eso posible cuando lleva rimando 1 Video 3 días??? En que se ve a la gente que patea y se puede identificar a gente que estaba allí??,0,0,1,0.9527462720870972,1,0.6093562841415405,0,0,tie
"La policía es la que los tiene que detener, como que se informen Dios 😂. Vaya gilipollez más grande.",0,0,0,0.1638302057981491,0,0.007953108288347721,1,1,tie
"Anunciar como ""Última hora"" que no tenéis nada es como para que den un premio a vuestro community manager.
Ejemplo gráfico:
ÚLTIMA HORA: Esta mañana aún no he salido de la cama.",0,0,0,0.021209735423326492,0,0.010143186897039413,1,1,tie
"hola, muy buen día, espero no te moleste mi spam pero quería pedirte lo más amable posible que votes por kill my mind, es la segunda, al menos dime sí sí votaste o no porfavor:( y gracias &lt;33 URL",0,0,0,0.018599731847643852,0,0.002921778243035078,1,1,tie
A por ellos. Ese crimen atroz y sin sentido no puede quedar impune.,0,0,0,0.3608415722846985,0,0.02975713275372982,1,1,tie
"Cómo es posible que haya identificados varios asesinos fugados y no se esté distribuyendo su identidad e imágenes para localizarlos con ayuda d la colaboración ciudadana?

Está poniendo en peligro la @user a los ciudadanos protegiendo a asesinos fugados ocultando su identidad?",0,0,1,0.95847088098526,1,0.9865697026252747,0,0,tie
Vamos policía 💪a por ellos y que acaben entre rejas Ya. Le estáis dando mucho tiempo para que planeen su defensa,0,0,1,0.6305246353149414,1,0.876941442489624,0,0,tie
La Provincia ha detenido 13 personas? URL,0,0,0,0.14415302872657776,0,0.03251776844263077,1,1,tie
Entonces lo que ha salido en los medios? Se les ha interrogado y puesto en libertad? Se supone que hay imágenes de estas bestias y que han sido identificadas también con el D.N.I?,0,0,1,0.5542188882827759,0,0.09124619513750076,0,1,context_wins
Si la víctima fuese uno de la ultraderecha ya estaría buscando hasta debajo de las piedras.,0,0,1,0.7202434539794922,0,0.0667734295129776,0,1,context_wins
"Justo lo que estas haciendo tú con ese comentario de mierda no? Pues para quejarte sin aportar, aparta.",0,0,0,0.02364909090101719,0,0.003655655076727271,1,1,tie
"Según las declaraciones de sus acompañantes, el primero que lo agredió lo dejó tirado en el suelo ya herido. A los 5 minutos volvió con sus amiguitos a terminar el trabajo. Espero que en la cárcel les hagan salir del armario, por fin, y a empujones.",0,0,1,0.86133873462677,1,0.8501127362251282,0,0,tie
"Última hora no hemos detenido a nadie, me voy al bar a desayunar URL",0,0,0,0.25746265053749084,0,0.0926041379570961,1,1,tie
yo no me quejo de nada el llorica eres tu que quieres que se priorizen los casos que tu consideras sin nisiquiera tener ni putisima idea de ser policia,0,0,0,0.024878522381186485,0,0.0034702669363468885,1,1,tie
"Hola,  hay alguien ahí?",0,0,0,0.03613411635160446,0,0.020983362570405006,1,1,tie
"La verdad es que no sé qué queréis que hagan!!!
Si informan, mal. Si no informan, peor.
Francamente, no lo entiendo.
Será porque nunca he tenido problemas con la policía y las pocas veces que les he necesitado, han cumplido.",0,0,0,0.023910054937005043,0,0.010458745993673801,1,1,tie
Exáctamente lo mismo que Ivan Maqueda Encinas.... La que te tienes que informar un pelín eres tú,0,0,0,0.09997455030679703,0,0.006205275189131498,1,1,tie
"Pues vaya Kaka de policía Nacional aún teniendo evidencia documentada y testigos.......

De las balas de Marlaska e Iglesias se sabe algo???????",0,0,0,0.025685617700219154,0,0.012160646729171276,1,1,tie
"Cuando se confirme todo, nos gustaría saber la nacionalidad de los agresores y el tipo de crimen.",0,0,1,0.7571536302566528,1,0.6733362078666687,0,0,tie
"Hasta donde leí el artículo menciona que han sido llevadas hasta trece personas a declarar, pero no han sido detenidas... Ojalá todo se resuelva muy pronto.",0,0,0,0.0996890738606453,0,0.003864420810714364,1,1,tie
Pobre chico....no hay derecho ...D.E.P❤️💚♥️,0,0,0,0.08351753652095795,0,0.04130014404654503,1,1,tie
"ya sabes, la gente le tiene que sacar la punta a todo, si no, no son felices.",0,0,0,0.09881342947483063,0,0.0034446597564965487,1,1,tie
Es triste que en lugar de evolucionar hay individuos que involucionan. La violencia es hija de la ignorancia.,0,0,0,0.13887380063533783,0,0.013878925703465939,1,1,tie
"¿Muerte? ¿Es que le dio un infarto? ASESINATO.
Empecemos por llamar a las cosas por su nombre.
Y si realmente las cámaras de la zona lo han grabado todo ya estáis tardando en arrestarlos, que por lo que se dice son una docena de ninis de Elviña no Pablo Escobar y sus secuaces",0,0,0,0.11088982224464417,0,0.019649077206850052,1,1,tie
"Vamos a dejar bien claro lo que no queréis poner vosotros: Asesinato homófobo. No se que parte de 'O PARAS DE GRABAR O TE MATO, MARICÓN.'  no entendéis.",0,0,0,0.15473395586013794,0,0.03726145252585411,1,1,tie
"Ahora en la carcel os van a hacer lo q tanto odiabais que le hicieran a ese chaval, sinverguenzas",0,0,0,0.1353289783000946,0,0.12929601967334747,1,1,tie
"De que vídeo hablas?
Para ser el_informator estás bastante desinformado.
O quizás confundes Galicia con Catalunya",0,0,0,0.016749469563364983,0,0.004833037033677101,1,1,tie
"Efectivamente, he confundido el lugar",0,0,0,0.15467460453510284,0,0.0042402478866279125,1,1,tie
Asesinato***,0,0,0,0.041074708104133606,0,0.10893484205007553,1,1,tie
Ojalá se encuentre pronto a las personas que han cometido el sesinato. ¡Ánimo!,0,0,1,0.5526549220085144,0,0.26328977942466736,0,1,context_wins
"Le estás diciendo a la propia policía, quién está investigando y la encargada de detener, que se informe bien????????",0,0,0,0.0838608518242836,0,0.005501118488609791,1,1,tie
"No sé lo que imaginas cuando lees un tuit de la cuenta de la policía: son cms, la inmensa mayoría no agentes, no están al tanto de las investigaciones, los mensajes los redacta un equipo de comunicación.",0,0,0,0.020237432792782784,0,0.0032365231309086084,1,1,tie
"Espero que los asesinos salgan a la luz y se pudran en la cárcel.

Que no pase como con los autores de los sobres con balas, del ataque a la sede de Podemos Cartagena o del 11M.

Queremos verdad y justicia.",0,0,0,0.26197946071624756,0,0.017436904832720757,1,1,tie
Detened a esos malnacidos y cobardes. Porque no son otra cosa. Y ojalá se sepan sus nombres y sus caras pronto,0,0,1,0.8987670540809631,1,0.9703486561775208,0,0,tie
"Y se lo inventan, claro. No reciben información sobre aquello que publican.",0,0,0,0.03650331124663353,0,0.0029080109670758247,1,1,tie
Fue en la madrugada del Viernes al Sábado!,0,0,0,0.06183962896466255,0,0.037524644285440445,1,1,tie
"Espero que pilléis, de verdad, a esos hijos de puta, y no queden libres en tres días. Por desgracia en este, nuestro maravilloso país, estamos acostumbrados a cosas peores...",0,0,1,0.5121727585792542,1,0.8283042311668396,0,0,tie
"Precisamente al que les interesa la nacionalidad de los delincuentes, y la ocultan o no según sus intereses, es a la izquierda 🤣👋",0,0,1,0.713592529296875,0,0.0847226083278656,0,1,context_wins
"No es la muerte de un Coruñés, es el asesinato de un chaval de 24 años.",0,0,0,0.060565680265426636,0,0.02330744080245495,1,1,tie
"Será posible que no hubiera por ahí nadie que parara esa salvajada, que clase de solidaridad es esa de mirar para otro lado, la solidaridad y la condena vienen cuando ya no hay nada que hacer.
Pena de juventud de mierda que estamos alimentando.",0,0,0,0.16117948293685913,0,0.016495127230882645,1,1,tie
Y quienes han sido? Porqué no decís de donde son?,0,0,0,0.039106737822294235,0,0.011395609937608242,1,1,tie
Hay que frenar todo tipo de violencia! Me entristecen el alma este tipo de noticias 😞,0,0,0,0.1555352509021759,0,0.061652857810258865,1,1,tie
"Estaría bien verles las caras a semejantes asesinos , cuando se verifique todo .",0,0,1,0.8137663006782532,0,0.4402438700199127,0,1,context_wins
Pues ya van tarde 😡,0,0,0,0.10005606710910797,0,0.04617265984416008,1,1,tie
Espero que puedan detener cuanto antes a los autores de este asesinato cobarde.,0,0,0,0.3913288414478302,0,0.1641019731760025,1,1,tie
"Claro!!!, vamos a decirlo, que ya los tienen, y de camino que escapen👍👍👍👍👍👍.
En este pais la sesera es corta, desde el asesino/s, hasta los que piden 🙄🙄🙄🙄.
Hay trampas que no se pueden desvelar, y asi hacer que el asesino/s, se confien.. Luego vienen los zascas....",0,0,1,0.9443294405937195,1,0.9894962906837463,0,0,tie
"La homofobia es delito, pero el odio de mas de un tweet hacia la policia, que tambien son personas, no magos... Tambien son delitos.
Si tanto criticais, hala!!!, manos a la obra, buscad 🤦🏻‍♂️🤦🏻‍♂️🤦🏻‍♂️🤦🏻‍♂️🤦🏻‍♂️🤦🏻‍♂️",0,0,0,0.4997190833091736,0,0.018664216622710228,1,1,tie
"Hasta las próximas elecciones no habrá otro ""Última hora"" al respecto",0,0,0,0.012492992915213108,0,0.003325168276205659,1,1,tie
Para anunciar que siguen investigando,0,0,0,0.03258828818798065,0,0.003466215915977955,1,1,tie
"Que ganas de llorar, que le quiten la vida así, a una persona buena",0,0,0,0.10062533617019653,0,0.017332827672362328,1,1,tie
"Esperemos que los que propinaron la fatal paliza no sea hijo o amigo del “cuerpo”, sinó quedará como otro caso de autolesiones y todos libres",0,0,0,0.10735958814620972,0,0.21774917840957642,1,1,tie
"Pues llamarme loco,pero teniendo un video y pruebas yo los metia a los 13 en la carcel toda su puta vida",0,0,0,0.17264460027217865,0,0.025508662685751915,1,1,tie
Espero que haya más suerte que cuando buscasteis al que mandaba balas a @user,0,0,0,0.06346243619918823,0,0.05424301326274872,1,1,tie
"Seguro que los tienen localizados , vigilados y esperan a que alguien la cague y así tener más pruebas.",0,0,1,0.8311553001403809,1,0.860641598701477,0,0,tie
Que realidad tan triste 😢,0,0,0,0.04752849414944649,0,0.021527593955397606,1,1,tie
Es inaceptable. Inaceptable. Endurezcamos las penas ya. No podemos permitir violencia de ningún tipo y menos cuando ésta termina con la vida de otr@. Es imperdonable.,0,0,1,0.7178604006767273,1,0.9303762316703796,0,0,tie
"Estarán poco tiempo en la cárcel, con suerte hasta se librarán de prision",0,0,0,0.4310738146305084,0,0.007776808459311724,1,1,tie
"Revisad todas las cámaras de seguridad, no solo las públicas sino también las privadas. Siempre hay algo, solo hay que fijarse bien en cada detalle.",0,0,0,0.04710863158106804,0,0.010066467337310314,1,1,tie
"Y porque no les detienen, si que es extraño, pobre la familia de chaval, las desgracias que hay que ver y seguiremos viendo porque nunca se hace nada por los inocentes.",0,0,1,0.6151162385940552,0,0.021365124732255936,0,1,context_wins
Ojalá que los cojan,0,0,0,0.0430251844227314,0,0.07333025336265564,1,1,tie
"Lo peor de todo es que sabrán quienes son y no dan la cara... Pero si fueron cobardes para matar a 1 entre 13, como no van a ser cobardes para entregarse 🤬🤬🤬",0,0,1,0.5556671023368835,0,0.09628114104270935,0,1,context_wins
Buenas noches @user ¿me podría informar de la razón de uso de fuerza desmesurada por los agentes con número de identificación: 1U1O24 y 1U1021?,0,0,0,0.05184619501233101,0,0.0371108278632164,1,1,tie
"La Coz de Galicia más que informar, desinforma.
Incluso hay gabinetes de prensa de TSJ, que válgame Dios.
A la prensa le interesa la carnaza con tal de plantar un titular y le filtran informaciones desde dentro de la poli o Juzgados que válgame Dios y también de avogadillos...",0,0,0,0.017939405515789986,0,0.008195871487259865,1,1,tie
"Ahora en Madrid se ponen a manifestarse contra Ayuso por algo que ha sucedido en Galicia, tócate los pilindengues... 🤦🏻‍♂️
Como los ‘progres chupiguays’ hagan que vuelva a triunfar la izquierda, apaga y vamonos",0,0,0,0.018752776086330414,0,0.008674091659486294,1,1,tie
"Si la víctima fuera un cayetano ya hubierais removido cielo y tierra, ineptos.",0,0,0,0.11369260400533676,0,0.0428079292178154,1,1,tie
Vivimos en un país donde puedes golpear a una persona hasta matarla sin que hagáis ni tan siquiera una detención.,0,0,1,0.7757192850112915,1,0.9676324725151062,0,0,tie
Voy a ser yo el que os pida perdón por la cantidad de inútiles que no agradecen el trabajo que haceis por nosotros,0,0,0,0.037442319095134735,0,0.017074381932616234,1,1,tie
"Y encima pixelan las imágenes de las palizas ,si los vemos podremos denuncia si no ,no podemos  ayudar a la policía",0,0,1,0.5905613899230957,0,0.046759992837905884,0,1,context_wins
Buenos días @user ¿me podría informar de la razón de uso de fuerza desmesurada por los agentes con número de identificación: 1U1O24 y 1U1021?,0,0,0,0.053628455847501755,0,0.04142710939049721,1,1,tie
"Pues espero se sucedan pronto.
Un crimen tan atroz no puede quedar impune",0,0,0,0.24626599252223969,0,0.0432676263153553,1,1,tie
"Tienes suerte. Los negocios deben pagarse su seguridad privada porque no se sienten protegidos por ejemplo. A ciertas horas no vayas por determinados sitios. Ah, que no es la poli. Ya... si avisas porque se incumplen la ley en tu calle y te molesta... no hay personal suficiente!",0,0,0,0.34322214126586914,0,0.11138696223497391,1,1,tie
"Desgraciadamente así será. Y en la cárcel se harán peores, me temo.",0,0,0,0.14261981844902039,0,0.004748285748064518,1,1,tie
"La chica que acompañaba a Samuel manifestó que, en ese momento, uno de los jóvenes le pegó un puñetazo muy fuerte. ""El vídeo se bloqueó, pero el audio seguía sonando. Sólo escuchaba los golpes y a la joven gritar: '¡déjalo, es mi amigo, por favor, déjalo!'""",0,0,0,0.4312182664871216,0,0.42259323596954346,1,1,tie
"Hasta el momento hay 13 detenidos por su presunta relación con los hechos, que pudieron ser identificados por haber dejado sus datos en la discoteca, y por las cámaras de varios establecimientos cercanos que grabaron la agresión.",0,0,1,0.7277740836143494,0,0.018449600785970688,0,1,context_wins
"Las palabras homófobas pronunciadas por uno de los agresores, han provocados numerosas reacciones de condena bajo el hashtag #justiciaparasamuel",0,0,1,0.5031697154045105,0,0.005573478527367115,0,1,context_wins
"En relación a la brutal agresión que provocó la muerte de Samuel, la Policía Nacional, en su cuenta de Twitter, informa que la investigación continúa abierta, aunque no se han realizado detenciones hasta el momento.
URL",0,0,0,0.2920370101928711,0,0.02377425692975521,1,1,tie
"Son sus costumbres no discriminen (ironía on)

Mejor no expreso mi opinión de lo que habría que hacer con el mena en cuestión. Pero más o menos lo resume la ley del Talión.",1,1,1,0.8243215084075928,0,0.10369811952114105,1,0,baseline_wins
Los menas a sus países,1,1,1,0.9809545278549194,1,0.9901907444000244,1,1,tie
Qué raro 🧐 si son Angelitos 🥱,1,1,0,0.06886336952447891,0,0.04807763919234276,0,0,tie
La multicultura,0,0,0,0.1488952487707138,0,0.13001249730587006,1,1,tie
"Los menas si les dieran el voto, votarían izquierda.",0,0,0,0.029359232634305954,0,0.015468180179595947,1,1,tie
"Es su cultura
Es enriquecimiento cultural
Vienen a integrarse
¿Más disculpas?",1,1,1,0.953315019607544,1,0.9025633335113525,1,1,tie
Ese es el plan,0,0,0,0.04711692035198212,0,0.00422171363607049,1,1,tie
No si al final los menas y algunos inmigrantes de la misma calaña va a resultar que son el problema de la homofobia y los maltratos en España ...,1,0,1,0.9648596048355103,1,0.9853679537773132,1,1,tie
Lo siento por el chaval....,0,0,0,0.039171166718006134,0,0.028133589774370193,1,1,tie
"Lo dudas, son votos a la izquierda. Ayudita = voto",1,0,0,0.012742429040372372,0,0.003538935212418437,0,0,tie
"Usando la misma lógica de los pudremitas: ""la culpa es de @user que le ha dado cobertura ideológica y política a esta agresión al promover la inmigración de MENAS y minimizar su impacto al tratarlo de niños"" o algo así hacen con VOX, solo que en caso de @user es cierto.",0,0,1,0.7060421109199524,1,0.9694962501525879,0,0,tie
¿ Homosexuales? Es más fácil llamarlos como la Fiscal General del Estado URL,0,0,0,0.07836906611919403,0,0.009626485407352448,1,1,tie
"Es que van provocando ,dicho por los socialistas  , teneis a vuestro enemigo en el gobierno no en vox",0,0,0,0.013262299820780754,0,0.014060902409255505,1,1,tie
Dios nunca hizo LGBT. Son inventadas y manipuladas de SATANICAS,0,0,0,0.10227641463279724,0,0.019488586112856865,1,1,tie
¿dónde están tus hastags?,0,0,0,0.022614777088165283,0,0.026193981990218163,1,1,tie
Para cuando el especial debate en la sexta...🤔🤔🤔🤔..aun estoy esperando el de los masteres falsos...🤔🤔🤔🤔,0,0,0,0.03824411705136299,0,0.011362801305949688,1,1,tie
"Pobre chaval, hemos pasado de vivir en un país libre a una dictadura de izquierdas con invasores medievales bienvenidos por la extrema izquierda. Espero que se recupere y al pagapensiones espero que se lo coma un grupo de cerdos",1,0,1,0.7355458736419678,1,0.978832483291626,1,1,tie
Hay que proteger a la infancia,0,0,0,0.15404973924160004,0,0.2896427512168884,1,1,tie
"Vaya, los Menas y los Gays no son compatibles??
Las feministas y los Gays tampoco??
Haber #IrenaMontera
Y ahora que? 🤔",0,0,0,0.04558652266860008,0,0.00830886047333479,1,1,tie
Otra jornada lgtbhijk organizada por musulmanes.,0,0,1,0.8704240322113037,1,0.970100998878479,0,0,tie
"Rojos llamándonos fascistas por denunciar esto en tres, dos , uno..,",0,0,0,0.1533874273300171,0,0.015216226689517498,1,1,tie
"Ufffff entonces, si es un MENA, ¿lo podemos llamar fascista?",0,0,0,0.093667171895504,0,0.014605125412344933,1,1,tie
Otro de vox,0,0,0,0.03939976170659065,0,0.13223052024841309,1,1,tie
Españabola Crack,0,0,0,0.161191925406456,0,0.09446703642606735,1,1,tie
Y la culpa no es de vox?,0,0,0,0.012962170876562595,0,0.012992717325687408,1,1,tie
Sorprendido me quedo,0,0,0,0.03071230836212635,0,0.0044570001773536205,1,1,tie
"No dudo que pueda ser verdad porque ha pasado ya muchas veces, pero ¿PONDRÉIS ALGUNA VEZ LA FUENTE o una referencia de la noticia?",0,0,0,0.02011692337691784,0,0.007441638968884945,1,1,tie
¿alguna manifestación de repulsa o esta vez también seguireis calladitos para no ofender y respetar las costumbres del mena?,0,0,1,0.8036928176879883,1,0.9599588513374329,0,0,tie
"Habrá que ver la respuesta del Ministerio de Igualdad, y la argumentación que usen, para culpar a la extrema derecha.",0,0,0,0.01952364668250084,0,0.008233589120209217,1,1,tie
"La asquerosa equidistancia de la
progrHez apesta ….",0,0,0,0.0137904928997159,0,0.024389438331127167,1,1,tie
Todo el mundo sabía que esto iba a pasar y cuántos mas sean peor lo pasarán mujeres y homosexuales.,0,0,1,0.5123327374458313,1,0.8383309841156006,0,0,tie
"Creo, que otra fake news.",0,0,0,0.029001515358686447,0,0.011634550988674164,1,1,tie
Obviamente culpa de los fachas españoles por no integrarlo.,0,0,0,0.04827797785401344,0,0.024104613810777664,1,1,tie
Mi apoyo para la persona agredida.,0,0,1,0.5459150671958923,0,0.09158816933631897,0,1,context_wins
"Pobre.
Encima de MENA .....le van provocando.
(Entiéndase la ironía) que maldita sea la gracia, por cierto.
Pero igual asi....algunos abren los ojos de una puta vez.",1,1,0,0.13867922127246857,0,0.02736136130988598,0,0,tie
Meter a espuertas y sin control radicalismo en nuestro territorio tiene y tendrá sus consecuencias,1,1,1,0.9021298885345459,1,0.9868215918540955,1,1,tie
Al ser MENA o los niños de las RATAS podemitas y demás MIERDAS están justificado,0,0,0,0.35993871092796326,0,0.0660339817404747,1,1,tie
Con la juventud de cristal que hay en España esta gente se los van a comer con patatas....,0,0,0,0.09547632932662964,0,0.05710669606924057,1,1,tie
Haber lo que tardan los progres en echarle la culpa a Ayuso,0,0,0,0.01927766390144825,0,0.026356810703873634,1,1,tie
La ultraderecha otra vez !!! URL,0,0,0,0.09152909368276596,0,0.12203441560268402,1,1,tie
"Han venido para replicar sus costumbres en nuestro país y exigirnos respeto. Y nosotros, como buenos gilipollas, les  concedemos eso ¿y más que nos pidiesen, porque... Pobrecitos e  indefensos pagapensiones, ellos son así y hay que respetar sus  costumbres.",1,0,1,0.9878982901573181,1,0.9930852651596069,1,1,tie
Es lo que se conoce como cortocircuito progre,0,0,0,0.03128427639603615,0,0.0352102629840374,1,1,tie
Un MENA de los que VOX quiere enviar a su país. Recordemos.,0,0,0,0.4723714292049408,0,0.3468201458454132,1,1,tie
"Cuándo en un país esto es tema de debate, señala el nivel de infección de su ""suciedad"".",0,0,1,0.8940600752830505,1,0.6679839491844177,0,0,tie
Es un mena de VOX seguro dxt @user,0,0,0,0.057355016469955444,0,0.0637366995215416,1,1,tie
Ahí se mezclan los 2 lobiess de la izquierda. Quien podrá más.,0,0,0,0.021343998610973358,0,0.08932139724493027,1,1,tie
Otro niño de @user,0,0,0,0.2162741869688034,0,0.08600980788469315,1,1,tie
"Nada que decir, son seres de luz.",1,1,0,0.019418349489569664,0,0.009478735737502575,0,0,tie
"Interesante y profunda noticia, me ha gustado como han desglosado los hechos y como han reflexionado sobre ellos. Fantásticos periodistas.
Merecen un gran aplauso, en la cara.",0,0,0,0.018516380339860916,0,0.00843995064496994,1,1,tie
"En la pirámide de Manslow de protegidos por los pobresistas, creo que los menas están por debajo de los trans, pero por encima de los gays, con lo cual no debemos esperar que la noticia aparezca en los telediarios del régimen, a no ser que el gay esté afiliado a algún podemismo",0,0,0,0.04308829456567764,0,0.014268292114138603,1,1,tie
q carajo pintará un mena en Pontevedra...q se le habrá perdido ahí,0,0,0,0.22764262557029724,0,0.06240002065896988,1,1,tie
"En Pontevedra,  pues está claro que es culpable Almeida.",0,0,0,0.019700396806001663,0,0.010435687378048897,1,1,tie
"Vox tiene aquí doble filón de oro:
-le pueden votar los gays para que intente mediar en la expulsión de inmigrantes y evitar que vengan más menas.
- Le pueden votar los jenas ( jóvenes extranjeros no acompañados, menas en su momento) para que les quite los gays 🤣",0,0,1,0.9695818424224854,1,0.990532398223877,0,0,tie
"Mira @user , si controlaseis un poco a los menas y no justificaseis todo lo que hacen, esto se podría haber evitado!!!",1,1,0,0.12813138961791992,0,0.0634714812040329,0,0,tie
"Fuente?

La de mis cojones",0,0,0,0.06369942426681519,0,0.0849570706486702,1,1,tie
"Hombre, el aplauso en la cara se lo han dado a ese chico. Y en unos pocos meses o años os toca a los demás de izquierdas.

Siga pensando que son de los suyos, siga. Que lo van a pasar a lo grande.",0,0,0,0.01889549009501934,0,0.002904062159359455,1,1,tie
Creo que por mucho que la izquierda quiera tapar........,0,0,0,0.014342435635626316,0,0.00954433623701334,1,1,tie
Haber si se manifiestan en Marruecos.,0,0,0,0.16555283963680267,0,0.12963010370731354,1,1,tie
Uno de supermegaultraderecha,0,0,0,0.02354268729686737,0,0.08170263469219208,1,1,tie
"Hay algún link, algo sobre la fuente porfa??? Les quiero dar en la carita a algunos revoltados por la noticia",0,0,0,0.03832903131842613,0,0.011638295836746693,1,1,tie
"No pasa nada, ellos tienen licencia, a disfrutar de lo votado 🤗",0,0,0,0.02699325419962406,0,0.00919949822127819,1,1,tie
Es lo que están consiguiendo y permitiendo con tanto buenísimo y acogimiento,0,0,0,0.027683865278959274,0,0.02015657164156437,1,1,tie
Igual le interesa a Monedero y a Martu Garrote ..,0,0,0,0.03146931156516075,0,0.05991881713271141,1,1,tie
Sus costumbres!!🤧🤧,0,0,1,0.5428023338317871,0,0.39980432391166687,0,1,context_wins
"No sería un Mena,ya verás como dan la vuelta a la tortilla y es un primo de Abascal 🙄",0,0,0,0.0346502922475338,0,0.04843316972255707,1,1,tie
Salieron los homófonos y... MENAS.,0,0,0,0.041181474924087524,0,0.14405591785907745,1,1,tie
"Mira @user ha sido uno con el carnet VIP de Vox, de la Falange y si te apuras de las SS.",0,0,0,0.013715798035264015,0,0.008683658204972744,1,1,tie
A disfrutar lo votado. Lo siento pero me importa 0. Es lo que defienden el multiculturalismo pues roma dos tazas.. al menos la derecha conservadora defiende la familia y aunque eso no guste a ese colectivo pues se les respeta igual,0,0,0,0.0779685378074646,0,0.06569569557905197,1,1,tie
"que sepas que la paliza se la has dado tú y toda la gentuza que como tú, animan, amparan y protegen a esta gente.",1,1,0,0.15386681258678436,0,0.07685957103967667,0,0,tie
Cria cuervos y te daran palizas,1,1,0,0.10416606068611145,0,0.12967628240585327,0,0,tie
Igual el Mena lo ha traído Vox también a que agreda al gay,0,0,0,0.07769255340099335,0,0.009331636130809784,1,1,tie
Avisa el ministerio de igualdad.,0,0,0,0.028842993080615997,0,0.012327412143349648,1,1,tie
Bienvenidos,0,0,0,0.047749996185302734,0,0.12632513046264648,1,1,tie
Lo que merece un aplauso es tu menteprogre... A ver las piruetas que haces para decir no a la homofobia y defender que entren al país los que odian a los homosexuales campeón. Ánimo!!!,0,0,1,0.7791969180107117,1,0.5079289078712463,0,0,tie
Ellos tienen patente de corso.,0,0,0,0.08279785513877869,0,0.06590306013822556,1,1,tie
Puedes ir a donde esos menas a aplaudirles.... a no ser que tengas temor a que te llamen islamófobo o a que te manden al hospital. O las dos cosas a la vez.,1,0,1,0.9552052617073059,1,0.7856450080871582,1,1,tie
Es que no habían leído esto URL,0,0,0,0.06795577704906464,0,0.05936171114444733,1,1,tie
"Son sus costumbres, hay que respetarlas. (Ironía)",1,1,1,0.9789541363716125,1,0.9914507269859314,1,1,tie
"Que sigan votando pisoe.
Vota pisoe...🤣🤣",0,0,0,0.04559662938117981,0,0.009952268563210964,1,1,tie
Se hacen públicos un par de ellos al día no me gustaría saber todos los que se callan,0,0,0,0.020685506984591484,0,0.022352643311023712,1,1,tie
"Hummmm... ahora los lobbies enfrentados. Ojalá se les acaben los chiringuitos. Ojo, los gays, lesbianas, transexuales, etc siempre han existido, existen y existirán y NO NECESITAN ningún lobbi de cierta ideología política. Gays sí, ideologías de mierda, NO.",0,0,0,0.06500386446714401,0,0.03708764165639877,1,1,tie
Es lo k pasa cuando kieres kedar bien con todos y querer ganar todos los votos de ellos. Que al final la confrontación es inevitable. Basta de lobbies e ideologías políticas de mierda!,0,0,0,0.03289271518588066,0,0.012322130613029003,1,1,tie
"pues yo grito MENAS NO ,A VUESTRO PUTO PAÍS HIJOS DE PUTA",1,1,1,0.9175752401351929,1,0.9742229580879211,1,1,tie
Los mejores...Los más valientes...,0,0,0,0.023467788472771645,0,0.020148415118455887,1,1,tie
"Me parece que el orgullo gay, tiene un enemigo fuerte.",0,0,0,0.05127488821744919,0,0.010529736988246441,1,1,tie
Les niñes de la izmierda URL,0,0,0,0.34485819935798645,0,0.14132724702358246,1,1,tie
"Seguir defendiendo ""a muerte"" a los MENAS y a los inmigrantes ilegales. Por concordia como diría Sánchez.",1,0,1,0.9741628766059875,1,0.9908654093742371,1,1,tie
Epatado me hayo.... 😲,0,0,0,0.05223958566784859,0,0.038716621696949005,1,1,tie
"Los progres,,, ahora dirán que es  de ultra derecha",0,0,0,0.010439375415444374,0,0.00958218052983284,1,1,tie
Un mena de extrema derecha también... A ver cuantos comparten la captura rosa pidiendo justicia...,0,0,0,0.10728266090154648,0,0.01658502407371998,1,1,tie
Mohamed VI !!Llévate a tus niños!!,0,0,0,0.027046022936701775,0,0.03810505568981171,1,1,tie
"Hostias..Y ya está! 🤣🤣Bulos24h deberíais llamaros! A tomar por culo chaval, ya hay q ser mala gente para inventar noticias solo para sacar rédito y manipular. A los q me van a criticar les diría q contrasten la noticia y comprueben q es falsa..Pero claro,es más fácil insultar",0,0,0,0.03118005208671093,0,0.008788706734776497,1,1,tie
unas palabras para la familia del agredido.,0,0,1,0.72135990858078,0,0.018858501687645912,0,1,context_wins
Y el enlace a la noticia?,0,0,0,0.033294063061475754,0,0.009972227737307549,1,1,tie
Soy el Like número mil,0,0,0,0.05984869599342346,0,0.04482145980000496,1,1,tie
Ha salido en La Sexta? O en algún sitio?  Como lo de Terrasa...,0,0,0,0.038976579904556274,0,0.027855021879076958,1,1,tie
Holaaaaaa @user @user @user @user @user,0,0,0,0.1913551539182663,0,0.04658167436718941,1,1,tie
"La culpa es de vox y de ayuso ,que no os enteráis",0,0,0,0.013705621473491192,0,0.01501132920384407,1,1,tie
El relato progremonguer es lo que tiene. Con su pan se lo coman los chupiguais. Más refugees venga. Ahora pasan la cuenta y van a pagar los que siempre he dicho. A ver si aprenden de la vida,1,1,1,0.6093525290489197,0,0.06178559735417366,1,0,baseline_wins
Suma y sigue,0,0,0,0.1271972805261612,0,0.059541527181863785,1,1,tie
"Hagan caso no molesten a los menas, son sus invitados escondan su condición sexual, se ofenden. Disfruten de lo votado",0,0,1,0.6538752913475037,1,0.8790658712387085,0,0,tie
"Una de las consecuencias de albergar/costear menas....y unirlos a gays.
Esto acabará con musulmanes en Telecinco????🤣🤣🤣🤣🤣🤣",1,0,1,0.9741402268409729,1,0.9843830466270447,1,1,tie
Un mena facha y de VOX.,0,0,0,0.09972746670246124,0,0.09813912212848663,1,1,tie
"Agua y aceite.
URL",0,0,0,0.09530793130397797,0,0.03529113158583641,1,1,tie
No era que eran amigos!?,0,0,0,0.037471745163202286,0,0.014806455001235008,1,1,tie
"No puede ser, seguro que PSOETA dice que es un facha disfrazado de mena..🤣 🤣 🤣",0,0,0,0.012182559818029404,0,0.008725123479962349,1,1,tie
"La culpa también de @user ?
Esto apesta ya....
Eso si, el lobby  #LGTBI mira para otro lado.",0,0,0,0.01356849167495966,0,0.00683597382158041,1,1,tie
Que ladillaaaa con esta gente. O sale un loco a pegarle a un homosexual o sale un loco homosexual a@user a palo a  qué no los acepta. Ya este tema cansa,0,0,1,0.9436730742454529,1,0.9414860606193542,0,0,tie
"Si no es español y hetero el agresor, no es noticia. ¿Verdad @user  @user  ?",0,0,1,0.7184850573539734,0,0.019897446036338806,0,1,context_wins
"Se os ha creado una hernia cerebral al no saber a quién defender o a quién fusilar primero, ¿verdad?.",0,0,0,0.06695719808340073,0,0.027780989184975624,1,1,tie
"Pues en El Mundo no pone nada de Mena. Eso de justificar, primero habría que ver cuanto hay de verdad
URL",0,0,0,0.016399085521697998,0,0.008776836097240448,1,1,tie
"Ayuso, fascista, estás en nuestra lista!!!
Y eso.",0,0,0,0.03899263218045235,0,0.029596125707030296,1,1,tie
A mi después de ver el cuadro con sutileza no me sale nada tampoco,0,0,0,0.0672340989112854,0,0.0170638058334589,1,1,tie
"Estoy deseando q cualquier persona critique al mena para llamarlo racista, q es lo q les gusta mucho decir",0,0,0,0.34045398235321045,0,0.017523162066936493,1,1,tie
"Si es un Mena,no pasa nada",0,0,0,0.07616487145423889,0,0.13437452912330627,1,1,tie
"No había visto el éxito de este comentario.
Gracias por sus comentarios y, con todo mi cariño, pueden irse a tomar por culo con su triste existencia.",0,0,0,0.25481700897216797,0,0.0032445257529616356,1,1,tie
"Muy sencillo, es un bulo",0,0,0,0.08026619255542755,0,0.07756946235895157,1,1,tie
Bueno son sus costumbres (diría el podemonguer),0,0,1,0.6477261781692505,0,0.23230822384357452,0,1,context_wins
"Fake, bulo, mentira, como le queráis llamar. Conseguir lectores atacando a los demás es ser escoria humana.",0,0,0,0.21875424683094025,0,0.01428349781781435,1,1,tie
"Es un bulo, tolay
URL",0,0,0,0.11805275082588196,0,0.005230357404798269,1,1,tie
"""Un mena"" no ha dado una paliza ""a un gay en Pontevedra al grito de homosexuales no"": bulos que vinculan a inmigrantes con agresiones LGTBI
 URL",0,0,1,0.9802119731903076,1,0.978683352470398,0,0,tie
"Esto es un bulo y los que lo estáis retuiteando una panda de crédulos racistas
URL",0,0,0,0.26857277750968933,0,0.01981249451637268,1,1,tie
"Fácil, que te has tragado un bulo",0,0,0,0.06584692746400833,0,0.004252942744642496,1,1,tie
"No, es un bulo.
Es un poco penoso creerse un titular sensacionalista sin fuente que casualmente se viraliza días después del asesinato de Samuel.
URL",0,0,0,0.034866057336330414,0,0.0030421288684010506,1,1,tie
"Os llamarán otras cosas por creeros un bulo con tanta facilidad.
Es un poco penoso creerse un titular sensacionalista sin fuente que casualmente se viraliza días después del asesinato de Samuel.
URL",0,0,0,0.02039553038775921,0,0.0032937852665781975,1,1,tie
“Tolay” me refería a lo de dar el voto a los menas,0,0,0,0.010852629318833351,0,0.004340087994933128,1,1,tie
"Es un poco penoso creerse un titular sensacionalista sin fuente que casualmente se viraliza días después del asesinato de Samuel.
URL",0,0,0,0.025687161833047867,0,0.00416474649682641,1,1,tie
"Esta cuenta no es de noticias, es de bulos.

Lo que querías decir es: ""y el enlace al bulo?""

""Un mena"" no ha dado una paliza ""a un gay en Pontevedra al grito de homosexuales no"": bulos que vinculan a inmigrantes con agresiones LGTBI
 URL",0,0,1,0.9632424712181091,1,0.7008041739463806,0,0,tie
Qué menas? Dónde está la noticia? Dónde está el enlace? Tontoooos!,0,0,0,0.03233664855360985,0,0.005308089777827263,1,1,tie
"Cambie el nombre y el lugar, y hay decenas de supuestos. Sobre todo en Cataluña.

Lo de este pobre chico no ha sido el caso, efectivamente.",0,0,1,0.5368061065673828,0,0.004661968443542719,0,1,context_wins
Jajajaaja espero que os cierren la cuenta de por vida por crear noticias falsas,0,0,0,0.025168824940919876,0,0.00760180689394474,1,1,tie
"Urgente, es falso.
URL",0,0,0,0.07439524680376053,0,0.06316043436527252,1,1,tie
"Encima es que son tan idiotas que te ponen una noticia de otro país. Hablamos de ESPAÑA que es donde vivimos, y en España el principal generador de odio contra el colectivo LGTB+ es el partiducho de extrema derecha que tenemos que aguantar.",0,0,0,0.2977892756462097,0,0.011130470782518387,1,1,tie
"Deja de cacarear consignas manidas, y pon datos que verifiquen que lo que dices es cierto. Donde en algún momento ese ""supuesto partido de ultraderecha"" ha manifestado odio contra rayos y lesbianas?
porque siendo el odio libre, si lo han manifestado contra una parte del",0,0,0,0.15324142575263977,0,0.003629191778600216,1,1,tie
"De la boquita de vuestro dirigentes pedazo de mierda. A pastar, escoria. URL",0,0,0,0.014067727141082287,0,0.004101933445781469,1,1,tie
"politizado y sectario movimiento LGTB, están en su derecho de expresar lo que les venga en gana; no expresas tu libremente tu odio hacia ellos? En qué eres tú mejor que los demás que puedes odiar a quien te venga en gana, pero ese derecho no se lo concedes a otros. Ves como eres",0,0,1,0.6581507921218872,0,0.008360221050679684,0,1,context_wins
"un esclavo sectario politizado y entregado a las órdenes de un movimiento que solo ampara a los que comulgan con ellos. Clases de moral y ética alguien tan sectario como tu, ni una.",0,0,0,0.2937968969345093,0,0.004106879699975252,1,1,tie
MIERDA SOIS MIERDA. Han matado a un chaval y estáis apretando para que hayan sido emigrantes para soltar el racismo que tenéis dentro. Ahí están las declaraciones de vuestro partido de mierda! DAIS ASCO Y VERGÜENZA SOIS LO PEOR DE ESTE PAÍS. Ojalá desaparezcáis.,0,0,1,0.9699123501777649,1,0.9907360672950745,0,0,tie
"Viendo cómo cagas por la boca, se nota que tú eres lo mejor de ESPAÑA.",0,0,0,0.04371558874845505,0,0.021139435470104218,1,1,tie
"A mí no me extraña el cabreo generalizado que tenemos con LGTBIfobia en alza. Igualmente, te ha respondido con las fuentes que le pedías y no has dicho nada sobre eso.",0,0,0,0.11043130606412888,0,0.0039810617454349995,1,1,tie
RESPONSABLES Y ASESINOS. Saldremos a la calle como se condenó a ETA en su momento os señalaremos y diremos basta. Todo el odio contra lo LGTB+ lo habéis generado vosotros y vuestra puta mierda de partido.,0,0,0,0.03753325343132019,0,0.009710356593132019,1,1,tie
"Que infeliz eres, ostiador. Si de VOX dicen de ostiaros, os revolveis rabiosos llamándole fascista, xenofobo y no sé cuántas cosas más, pero en cambio vosotros si lo podéis decir, esa es la idea de la democracia y la libertad que queréis
Menudo demócrata de medio pelo estás hecho",0,0,0,0.03200386464595795,0,0.009073857218027115,1,1,tie
"Se llama defensa tú de qué te defiendes? No merecéis ningún respeto pues sois cómplices de un asesinato y de agresiones al colectivo LGTB+ Lo nuestro es defensa. Tú de qué te defiendes, eh? De qué? Vuestras ideas generan odio, agresiones y asesinato, no tienen cabida en España.",0,0,0,0.1427706629037857,0,0.003462742082774639,1,1,tie
"Pero que LGTBfobia en alza?
Y donde están esos datos a los que haces referencia? Que han matado a un chaval y que estamos apretando para no se que, eso es un dato? Que han matado a un chaval, no es un dato, es la constatación de una verdad objetiva, el añadido es su opinión.",0,0,0,0.07489334046840668,0,0.0031290152110159397,1,1,tie
"te engañan hombre te engañan

donde he dudado yo de la noticia?

ni me interesa...conozco la calle y sé q en Ponte hay muy pocos menas, es una ciudad cara y con pocos centros...están la mayoría en Ou y Lugo.

pero vamos q a mi lo q diga la prensa me importa poco...tengo ojos",0,0,0,0.07033970206975937,0,0.010635869577527046,1,1,tie
"Las declaraciones son más que son, dicen exactamente lo que dicen. No importa el contexto se dicen barbaridades enormes contra el colectivo LGTB+ si niegas esto eres cómplice y tienes las manos manchadas de sangre! Punto. Y te lo vuelvo a poner. No vamos a dar ni un paso atrás. URL",0,0,0,0.08995689451694489,0,0.013048026710748672,1,1,tie
"Asume tú la responsabilidad de los tuyos, mierda. URL",0,0,0,0.08439328521490097,0,0.053083211183547974,1,1,tie
Me la suda lo que pase en esos países VIVO EN EUROPA Y EN ESPAÑA. Y aquí sois vosotros y vuestro partido de extrema derecha de mierda la que fomenta y crea esos problemas.,0,0,0,0.07682793587446213,0,0.009741595014929771,1,1,tie
"Claro te la suda porque desmonta tu discurso xenófobo contra una parte de españoles, por no pensar como tú.
A cada tweet te defines más como racista, xenófobo y peligroso para una democracia.",0,0,0,0.4490116238594055,0,0.0035386811941862106,1,1,tie
"Si escuchas y lees a gente de la ultra derecha diciendo que admiran a Hungría, poco más se debe demostrar.",0,0,0,0.021213890984654427,0,0.0029645857866853476,1,1,tie
Más xenófobo y no naces.,0,0,0,0.0939224511384964,0,0.15706390142440796,1,1,tie
Pues creete la mitad de lo que veas,0,0,0,0.023530567064881325,0,0.0037783861625939608,1,1,tie
"Tipo de noticias que nunca va a salir en los medios predominantes.

Qué lástima de situación y de manipulación de la información.",0,0,0,0.014814971014857292,0,0.00850054994225502,1,1,tie
"Dejad de difundir bulos, bastante tenemos con la violencia de los que os leen: URL",0,0,0,0.08308114111423492,0,0.02477865479886532,1,1,tie
"Rojos os llaman fascistas porque haceis fascistadas co o mentir para generar odio. Es sencillo de entender, bastan dos neuronas.",0,0,0,0.039219439029693604,0,0.003714586840942502,1,1,tie
Así miente  los panfletos racistas con el único fin de generar odio.,0,0,0,0.4413415491580963,0,0.018047744408249855,1,1,tie
"Pues..., No hace falta, la propia policía lo ha desmentido. Puedes verlo en muchos sitios ya.
Pero es muy fascista generar odio a extranjeros con mentiras. URL",0,0,1,0.9343170523643494,0,0.22062967717647552,0,1,context_wins
"la propia policía lo ha desmentido. Puedes verlo en muchos sitios ya.
Pero es muy fascista generar odio a extranjeros con mentiras. URL",0,0,1,0.9435632228851318,0,0.008455847389996052,0,1,context_wins
"Distintas. Es decir, en plural. Que ha habido varias.

Además ese artículo se refiere al asesinato de Samuel. No desmiente los actuales.",0,0,0,0.026509448885917664,0,0.0037965956144034863,1,1,tie
El desmentido de la policía se refiere al bulo racista del ataque que cuenta ese panfleto especializado en bulos acusando a un mena. Pero esa mentira llega a muchos imbeciles que lo reen y lo comparten. La policía es clara: URL,0,0,0,0.19925649464130402,0,0.003419385990127921,1,1,tie
"Que sí. Fantástico. Ahora que desmientan las restantes agresiones.

Las que se producen casi a diario.",1,1,0,0.018436197191476822,0,0.004722731187939644,0,0,tie
"Es alucinante, casi 7.000 inmigrantes en el listado, con una paga alucinante, que nadie tendremos en la jubilación, a pesar de trabajar 40 Años. Difundirlo si os parece bien, se tiene que enterar muchísima gente, algo hay que hacer.
 Nota  URGENTE
_COMPARTE !!!",1,0,1,0.7547646164894104,1,0.9396939277648926,1,1,tie
y nosotros pagando 50 euros de impuestos cada vez echamos gasolina,1,1,0,0.292165607213974,0,0.08878882229328156,0,0,tie
"que cae de manera permanente y llega a perforar una placa de acero de 1 metro de espesor.
Es alucinante, casi 7.000 inmigrantes en el listado, con una paga alucinante, que nadie tendremos en la jubilación, a pesar de trabajar 40 Años. Difundirlo si os parece bien, se tiene que",1,0,1,0.8792684674263,1,0.9783984422683716,1,1,tie
"enterar muchísima gente, algo hay que hacer.
 Nota  URGENTE

_Pasar a todos los contactos posibles._",0,0,0,0.05756297707557678,0,0.04406619444489479,1,1,tie
"Es alucinante, casi 7.000 inmigrantes en el listado, con una paga alucinante, que nadie tendremos en la jubilación, a pesar de trabajar 40 Años. Difundirlo si os parece bien, se tiene que enterar muchísima gente, algo hay que hacer.
 Nota  URGENTE (9/10)",1,0,1,0.7039716243743896,1,0.9165916442871094,1,1,tie
_Pasar a todos los contactos posibles._ (10/10),0,0,0,0.043983347713947296,0,0.006735221482813358,1,1,tie
"A ellos no les preocupa el reloj. Son como la gota de agua que no deja de caer, es decir, que cae de manera permanente y llega a perforar una placa de acero de 1 metro de espesor.

Es alucinante, casi 7.000 inmigrantes en el listado, con una paga alucinante, que nadie tendremos👇",1,0,1,0.947421669960022,1,0.9862096905708313,1,1,tie
"En la jubilación, a pesar de trabajar 40 Años. Difundirlo si os parece bien, se tiene que enterar muchísima gente, algo hay que hacer.

 ❌QUE RULE ❌👇

♦️Pasar a todos los contactos posibles♦️
URL",0,0,0,0.0563289150595665,0,0.023565709590911865,1,1,tie
AOramas tiene algo que decir? Antes no callaba pero lleva mucho tiempo como una puerta!,0,0,0,0.02010427415370941,0,0.04596618935465813,1,1,tie
Esa estaba de acuerdo con la inmigración. No la votéis.,0,0,0,0.019618811085820198,0,0.0038197103422135115,1,1,tie
Pues en los plenos no parece que los canarios estén muy preocupados por la inmigración. URL,0,0,0,0.013737067580223083,0,0.01506693847477436,1,1,tie
"Me gustaría encontrar a un canario que afirmaba que todas las alarmas de la inmigración ilegal eran bulos de la ultraderecha.
Una pena.",0,0,0,0.06991054862737656,0,0.03234557434916496,1,1,tie
"Quienes son esos ""mismos"" para los que trabaja vox?
Ud ha leído algo de su programa contra la inmigración ilegal?",0,0,1,0.6639922857284546,1,0.9266334772109985,0,0,tie
"Pues los mismos a los que les interesa muy mucho la vacunar hasta a las piedras y arruinarnos hasta que no tengamos nada y seamos felices, vía agenda 2030. Los inmigrantes son sólo un medio para un fin. Para mi ya se han quitado la careta, a algunos os costará un poco más.",1,0,1,0.9696515798568726,1,0.9900363683700562,1,1,tie
"No sé de dónde saca eso. Vox es el único partido que se ha posicionado abiertamente antiglobalista, el único que va contra el pass kovid y deja a la libre elección pincharse, y el único que tiene una agenda totalmente contraria a la 2030.
Infórmese.",0,0,0,0.011691334657371044,0,0.006722174119204283,1,1,tie
"Soy canario, votante de VOX, y la situación no es esa. Es cierto que hay que parar la inmigración ilegal YA porque si no, dentro de mucho tiempo, podemos llegar a la situación que describe Ariza. Pero ahora mismo no es así, ni de lejos.",1,1,0,0.22388868033885956,1,0.9702698588371277,0,1,context_wins
"¿Marruecos está haciendo otra marcha verde en España?
No es casual, dicen fuentes de la Benemérita, el empleo de armas letales para asaltar las vallas de ambas ciudades españolas, unas armas para las que se necesita no sólo ingenio, sino adiestramiento.",1,0,0,0.19014301896095276,0,0.3421289324760437,0,0,tie
La salida es impedir la inmigración ilegal y dar ayuda eficaz a los países expulsores.,0,0,1,0.8768385052680969,1,0.9868221282958984,0,0,tie
"Y el acuerdo alcanzado entre la Merkel y Pedro Sánchez, nos vamos a hacer cargo, a cambio de una miseria, de todos los inmigrantes ilegales de Alemania. Esto supondría que en breve plazo nos invadirían cinco millones de ilegales procedentes de la Unión Europea. Las tv 🙊 URL",1,0,1,0.982466995716095,1,0.9930329322814941,1,1,tie
Que miedo tenéis al pobre.,1,1,0,0.029853634536266327,0,0.011436497792601585,0,0,tie
"Al parecer, el gobierno francés, el tal Macron, está a punto de alcanzar el mismo acuerdo. Esto supondría que en breve plazo nos invadirían cinco millones de ilegales procedentes de la Unión Europea y España se convertiría en un país inhabitable. Hay que hacer que todos los .",1,0,1,0.9818016886711121,1,0.9934689998626709,1,1,tie
No puede decirlo más claro A Merkel: Espero q España devuelva todos los inmigrantes q lleguen ilegalmente,1,1,1,0.800000011920929,1,0.9846037030220032,1,1,tie
"Al parecer, el gobierno francés, el tal Macron, está a punto de alcanzar el mismo acuerdo. Esto supondría que en breve plazo nos invadirían cinco millones de ilegales procedentes de la Unión Europea y España se convertiría en un país inhabitable.",1,0,1,0.9775823950767517,1,0.9932616353034973,1,1,tie
"Al parecer, el gobierno francés, el tal Macron, está a punto de alcanzar el mismo acuerdo. Esto supondría que en breve plazo nos invadirían cinco millones de ilegales procedentes de la Unión Europea y España se convertiría en un país inhabitable.",1,0,1,0.9775823950767517,1,0.9932616353034973,1,1,tie
"Esto supondría que nos invadirían cinco millones de ilegales procedentes de la Unión Europea y España se convertiría en un país inhabitable. Hay que hacer que todos los españoles conozcan estos hechos. Las tv, todas en manos de Podemos y del PSOE, guardan un silencio sepulcral.",1,0,1,0.976743221282959,1,0.9931743741035461,1,1,tie
"de todos los inmigrantes ilegales de Alemania y, al parecer, el Gobierno francés, está a punto de alcanzar el mismo acuerdo con Sánchez.

Lo anterior supondría que en breve plazo nos invadirían cinco millones de ilegales procedentes de la Unión Europea y España se convertiría en",1,0,1,0.9730890989303589,1,0.9920758008956909,1,1,tie
"un país inhabitable.

Hay que hacer que todos los españoles conozcan estos hechos por esta vía, ya que las cadenas españolas de t.v., todas en manos de Podemos y PSOE,  guardan un silencio sepulcral.

Pásalo y que de la vuelta a toda España.",0,0,0,0.045795589685440063,0,0.02880038507282734,1,1,tie
un país inhabitable,0,0,1,0.7425548434257507,1,0.7821100950241089,0,0,tie
"Al parecer, el gobierno francés, el tal Macron, está a punto de alcanzar el mismo acuerdo. Esto supondría que en breve plazo nos invadirían cinco millones de ilegales procedentes de la Unión Europea y España se convertiría en un país inhabitable.",1,0,1,0.9775823950767517,1,0.9932616353034973,1,1,tie
"Al parecer, el gobierno francés, el tal Macron, está a punto de alcanzar el mismo acuerdo. Esto supondría que en breve plazo nos invadirían cinco millones de ilegales procedentes de la Unión Europea y España se convertiría en un país inhabitable.",1,0,1,0.9775823950767517,1,0.9932616353034973,1,1,tie
Es cierto o es un tópico,0,0,0,0.01793031208217144,0,0.030146770179271698,1,1,tie
"Esto también es un bulo o es real y por lo tanto no tienen ninguna posibilidad moral de desmentir a nadie?
URL",0,0,0,0.025462215766310692,0,0.010178003460168839,1,1,tie
"Joder... No estar a favor de la inmigración ilegal es ser ""los malos""... No se os nota ni nada el plumero.",0,0,0,0.08681932091712952,0,0.024582471698522568,1,1,tie
se especifica que la misma debe ser coherente y persistente en el tiempo. Una víctima puede perfectamente cometer incoherencias en algunas declaraciones aunque de hecho sea verdad lo que dice porque la memoria falla a menudo (las declaraciones de testigos son a menudo puestas(+),0,0,0,0.04068997502326965,0,0.009823732078075409,1,1,tie
"en duda / ser insuficientes en muchos delitos por esto mismo). Dado que los juicios se graban entiendo que es fácil de mostrar esas incoherencias. Por otra parte, habrá ocasiones en las que la víctima, por miedo o por desgaste, retire la denuncia, en tal caso, como no ha (+)",0,0,0,0.10082610696554184,0,0.003139140782877803,1,1,tie
"persistido en ella, se considerará como falsa, ¿no? Tengo un familiar muy cercano que me ha hablado de que es frecuente este hecho, que la víctima se eche atrás aún siendo real lo que le ha pasado, así como muchas otras que directamente no denuncian por miedo. (+)",0,0,0,0.29841262102127075,0,0.003152255667373538,1,1,tie
"Entiendo el temor a que una persona con mucha mala idea y una gran capacidad para mentir (ya que no es tan complicado detectar mentiras prolongadas en el tiempo y esto lo sé por mis propios estudios) pueda llegar a aprovecharse de alguien, de verdad que lo entiendo, pero me (+)",0,0,0,0.02582693286240101,0,0.002921788953244686,1,1,tie
"parece difícil que se den todas las circunstancias, no conozco a nadie en mi entorno que tema que una mujer conocida le vaya a poner una denuncia falsa, que se fuera a meter en un lío como ese que lleva tan tiempo y esfuerzo, donde se van a medir sus palabras al detalle, y (+)",0,0,0,0.23762516677379608,0,0.002855966566130519,1,1,tie
Captura del INE. No se si tenemos que pensar que los datos de eurostat son mas fiables que los de nuestro Instituto. Quizá lo que yo veo por nuestras calles son gente de Cuenca con Chilaba y Bilbainos muy morenos,0,0,0,0.3857913911342621,0,0.0655723437666893,1,1,tie
Sigues sin enlazar nada.,0,0,0,0.03815169259905815,0,0.006829185876995325,1,1,tie
"Desmentid la brecha salarial hipócritas, como se nota ""el periodismo"" morado.",0,0,0,0.007928776554763317,0,0.010252268053591251,1,1,tie
Desmontar los bulos y las mentiras que circulan sobre la inmigración es necesario para luchar contra la xenofobia y el racismo. Gracias por vuestra labor👏🏽,0,0,1,0.8053848743438721,1,0.8941491842269897,0,0,tie
"Yo estoy harta de recibir bulos sobre inmigrantes, no los comparto, me cabreo, le digo a quien me los manda que son bulos y los borro. Me hace ""gracia"" que quien me lo manda, lo reenvía porque a el o ella se lo mandaron. Son incapaces de comprobar antes de mandar si es Cierto",1,1,1,0.9558781385421753,1,0.875205934047699,1,1,tie
"Veo q necesitan pruebas...pues un detalle para esa incrédula... es  solo una hoja d las 9 q URL alucinante, casi 7000 inmigrantes en el listado, con una paga alucinante, que nadie tendremos en la jubilación, a pesar de trabajar 40 Años. URL",1,0,1,0.6995845437049866,1,0.911607563495636,1,1,tie
Me ha llegado por wasap.que nos estamos jugando ser una nación a convertirnos en el basurero de Europa Gracias un acuerdo alcanzado en Merkel y Pedro Sánchez nos vamos a hacer cargo a cambio de una miseria de todos los inmigrantes ilegales de Alemania,1,0,1,0.974729061126709,1,0.9922577738761902,1,1,tie
Al parecer el gobierno Francés el tal Macron está a punto de alcanzar el mismo acuerdo esto supondría q en breve plazo nos invadirian cinco millones de ilegales procedentes de la Unión Europea y España se convertirá en un país inhabitable,1,0,1,0.9769105911254883,1,0.9938223361968994,1,1,tie
Hay q hacer que todos los españoles conozcan estos hechos Las TV todas en manos de Podemos Psoe y guardan silencio  sepulcral.Pide que lo pasemos por todos los españoles y que de la vuelta a España Deseo saber si es verdad esto ¡Sino que Dios nos proteja d semejantes individuos!,0,0,0,0.03635605424642563,0,0.008073638193309307,1,1,tie
"alcanzado entre la Merkel y Pedro Sánchez, nos vamos a hacer cargo, a cambio de una miseria, de todos los inmigrantes ilegales de Alemania. Al parecer, el gobierno francés, el tal Macron, está a punto de alcanzar el mismo acuerdo. Esto supondría que en breve plazo nos (2/4)",1,0,1,0.8996528387069702,1,0.9881436228752136,1,1,tie
"invadirían cinco millones de ilegales procedentes de la Unión Europea y España se convertiría en un país inhabitable. Hay que hacer que todos los españoles conozcan estos hechos. Las tv, todas en manos de Podemos y del PSOE, guardan un silencio sepulcral. Pásalo y que de (3/4)",1,0,1,0.9712159633636475,1,0.9937876462936401,1,1,tie
"inmigrantes ilegales de Alemania. Al parecer, el gobierno francés, el tal Macron, está a punto de alcanzar el mismo acuerdo. Esto supondría que en breve plazo nos invadirían cinco millones de ilegales procedentes de la Unión Europea y España se convertiría en un país inhabitable.",1,0,1,0.9729019999504089,1,0.992306649684906,1,1,tie
"Hay que hacer que todos los españoles conozcan estos hechos. Las tv, todas en manos de Podemos y del PSOE, guardan un silencio sepulcral. Pásalo y que de la vuelta a toda España
Me llega por waps",0,0,0,0.014405585825443268,0,0.00805612187832594,1,1,tie
"de todos los inmigrantes ilegales de Alemania. Al parecer, el gobierno francés, el tal Macron, está a punto de alcanzar el mismo acuerdo. Esto supondría que en breve plazo nos invadirían cinco millones de ilegales procedentes de la Unión Europea y España se convertiría en un país",1,0,1,0.974326491355896,1,0.9920543432235718,1,1,tie
"inhabitable. Hay que hacer que todos los españoles conozcan estos hechos. Las tv, todas en manos de Podemos y del PSOE, guardan un silencio sepulcral. Pásalo y que de la vuelta a toda España.",0,0,0,0.02364262007176876,0,0.007869938388466835,1,1,tie
"unas 5000 pateras en las próximas semanas.
Italia y Francia crean un cordón de seguridad conjunto para evitar la inmigración ilegal en sus paises
Esto es una autentica invasión, España en peligro, y mientras Sánchez de vacaciones #AplausosSanchez @user #Mociondecensura",1,0,1,0.9561252593994141,1,0.9924975037574768,1,1,tie
#ÚLTIMAHORA : Y mientras tanto...Vuelo de #Alemania a #GranCanaria con 15 pasajeros acentúa la #crisis 🙏🙈(No te pierdas el vídeo) 😱URL,0,0,0,0.430364727973938,0,0.22500193119049072,1,1,tie
¿Saben que las fotos no son de este verano? URL,0,0,0,0.024937216192483902,0,0.015175516717135906,1,1,tie
"EN LA NOTICIA
2 de 2:

Los embarcaderos de (Nuadibú), al Norte de la República Islámica, registran un lleno histórico de pateras y cayucos (ante el efecto llamada) de las Islas con los asentamientos de inmigrantes en zonas turísticas de Gran Canaria.

URL",0,0,1,0.9752516746520996,1,0.9706299304962158,0,0,tie
"Eso no está ni controlado, ni regulado.
Es inmigración ILEGAL y no se puede tolerar.",0,0,1,0.8580920100212097,1,0.9794476628303528,0,0,tie
"En su inmensa mayoría... Básicamente la inmigración no era ilegal en esa época, en lo tocante a lo sobrenatural ya si eso con saber que Dios no existe vas tirando hasta mañana.",0,0,0,0.09230107814073563,0,0.4094773530960083,1,1,tie
"Sí, que lo era. Si no había ley que lo prohibiese, por el principio de tipicidad, no podía existir infracción alguna",0,0,0,0.05740463733673096,0,0.005897181574255228,1,1,tie
Por esto nos Dan el toque de queda? Para ahuecar más sitio en los hoteles para la inmigración ilegal?????,0,0,1,0.9552232027053833,1,0.9783264398574829,0,0,tie
"Espero que cuando salga la derech puedan deportar a los inmigrantes sin papeles e ilegales, que van hacer cuando llegen a la península? Donde van a vivir en la calle? De donde comen ? Esto no puede ser estamos desprotegidos. #GobiernoDimisión #GobiernoCriminalyCorrupto",1,0,1,0.9841600060462952,1,0.9928756952285767,1,1,tie
Algunos tienen amnesia cuando vienen inmigrantes ilegales como si todos son santos se olvidan que algunos pueden ser criminales asesinos terroristas violadores como en sus países no pasara nada,1,0,1,0.9877831339836121,1,0.9931411147117615,1,1,tie
Algunos son criminales pero no todos y no es justo juzgar a todos igual. Tú prefieres que te juzguen por tus actos y los demás también,0,0,0,0.3643585443496704,0,0.012157846242189407,1,1,tie
Usted no sabe los datos del gasto a los inmigrantes ilegales que no llega a los españoles en hambruna colas del hambre muchos en ertes otros con una miseria de ayudas otros en paro deuda por deuda,1,0,1,0.9795143604278564,1,0.9907732009887695,1,1,tie
Son cosas diferentes pero estamos de acuerdo que primero hay que solucionar los problemas en casa y luego acoger. El único problema es que el mundo ya está en marcha y no va a parar por nadie.,1,1,0,0.17918549478054047,0,0.011843188665807247,0,0,tie
Claro justificando los crímenes de los terroristas islam que aún hoy matando a cristianos quemados en Iglesias secuestradas violadas lo que pasa ahora en muchas zonas de África pero usted sigue justificando los inmigrantes ilegales muchos de ellos peligrosos,1,0,1,0.9902749061584473,1,0.9928269982337952,1,1,tie
Ni lo justifico ni lo apoyo pero soy lo suficientemente inteligente como para separa a un pueblo de una panda de hijos de puta. Generalizar no es buena idea ni en este ni en otros ámbitos.,0,0,0,0.020493295043706894,0,0.00829498004168272,1,1,tie
"Ese discurso que sostienes es populista, demagógico y es además una mentira que se extiende por que la gente tiene miedo por personas como tú que difundís un mensaje de odio.",0,0,0,0.09612356871366501,0,0.007434123661369085,1,1,tie
Irá a ser verdad eso de que Africa comienza en los Pirineos??,1,1,0,0.051713403314352036,0,0.01083847600966692,0,0,tie
"Aun quedan unas cuantas pateras por llegar.
Miles de pateras hacinadas en Mauritania se frotan las manos con Canarias.URL",1,1,0,0.43331530690193176,0,0.19612038135528564,0,0,tie
"Y a quién le importa? Al Gobierno, no",0,0,0,0.011091643013060093,0,0.0072589414194226265,1,1,tie
"Esta trama criminal, por lo visto no quieren cortarla, ¿ quien o quienes estàn compinchados con esta mafia....",0,0,0,0.03883811831474304,0,0.014969976618885994,1,1,tie
"...mediante su ocupación por las bravas. Se entiende como 'toma pacífica' la arribada diaria a las islas de numerosas barcazas con una media de 400 a 600 moros.
Me comenta mi hermana que en todo el sur de Tenerife (una de las dos islas mayores) la situación de tantos miles de...",1,0,1,0.9076165556907654,1,0.9866079092025757,1,1,tie
"...moros deambulando y malviviendo por las calles es cada día más preocupante. Hay zonas controladas por ellos, que exigen derechos y lo que no lo son, como la reclamación de ""sus derechos territoriales"", y muchísimos canarios empiezan a tener miedo de verdad. Dícen que no hay...",1,0,1,0.9779712557792664,1,0.991611659526825,1,1,tie
"...fuerzas políticas, ni policiales, ni legales, para empezar a resolver la situación creada. Y yo creo que ni voluntad de hacerlo.
Aquello está lejos y a los peninsulares no les preocupa lo más mínimo. Grave error; gravisimo. Una vez controlen las islas vendrán aquí a reclamar..",1,1,1,0.9529614448547363,1,0.9860826134681702,1,1,tie
Es una estrategia marroquí que empieza a darle resultados: la toma 'pacífica' de territorios mediante su ocupación por las bravas. Se entiende como 'toma pacífica' la arribada diaria a las islas de numerosas barcazas con una media de 400  a 600 moros.**,1,0,1,0.9331421256065369,1,0.9906589984893799,1,1,tie
**Me comenta mi hermana que en todo el sur de Tenerife (una de las dos islas mayores) la situación de tantos miles de moros deambulando y malviviendo por las calles es cada día más preocupante.,1,0,1,0.9757692217826843,1,0.9924370646476746,1,1,tie
"Hay zonas controladas por ellos, que exigen derechos y lo que no lo son, como la reclamación de ""sus derechos territoriales"", y muchísimos canarios empiezan a tener miedo de verdad.",1,0,1,0.9501082301139832,1,0.9091961979866028,1,1,tie
"Vivo en Fuerteventura, en el norte de la isla sí te digo que los italianos son mayoría.

Lo otro es mentira.

Que no te la cuelen",0,0,0,0.1901957392692566,0,0.01468944363296032,1,1,tie
"de territorios  mediante su ocupación por las bravas. Se entiende como 'toma pacífica' la arribada diaria a las islas de numerosas barcazas con una media de 400 a 600 moros.
Me comenta mi hermana que en todo el sur de Tenerife (una de las dos islas mayores)",1,0,1,0.9288403391838074,1,0.9876629710197449,1,1,tie
"la situación de tantos miles de moros deambulando y malviviendo por las calles es cada día más preocupante. Hay zonas controladas por ellos, que exigen derechos y lo que no lo son, como la reclamación de ""sus derechos territoriales"", y",1,0,1,0.9828417897224426,1,0.9914335012435913,1,1,tie
"de 1 metro de espesor.
Y por lo que veo ya están en Bilbao. Mal estamos y peor nos irá. El gobierno está a en otras cosas,, mientras no lleguen a la Moncloa y les muevan las sillas...
[11/11 12:16] Araceli: Es alucinante, casi 7000 inmigrantes en el listado,",0,0,1,0.7728866338729858,0,0.4226056933403015,0,1,context_wins
"Grave error; gravisimo. Una vez controlen las islas vendrán aquí a reclamar más ""territorios"", poco a poco, sin prisas. A ellos no les preocupa el reloj. Son como la gota de agua que no deja de caer, es decir, que cae de manera permanente y llega a perforar una placa de acero",1,0,1,0.9480571746826172,1,0.9824181199073792,1,1,tie
"muchísimos canarios empiezan a tener miedo de verdad. Dícen que no hay fuerzas políticas, ni policiales, ni legales, para empezar a resolver la situación creada. Y yo creo que ni voluntad de hacerlo.
Aquello está lejos y a los peninsulares no les preocupa lo más mínimo.",0,0,0,0.4491986632347107,0,0.014061524532735348,1,1,tie
"con una paga alucinante, que nadie tendremos en la jubilación, a pesar de trabajar 40 Años. Difundirlo si os parece bien, se tiene que enterar muchísima gente, algo hay que hacer.",1,0,0,0.02414294146001339,0,0.0066390871070325375,0,0,tie
"'pacífica' de territorios mediante su ocupación por las bravas. Se entiende como 'toma pacífica' la arribada diaria a las islas de numerosas barcazas con una media de 400  a 600 moros.**
**Me comenta mi hermana que en todo el sur de Tenerife (una de las dos islas mayores) la",1,0,1,0.9345479607582092,1,0.9893215894699097,1,1,tie
"situación de tantos miles de moros deambulando y malviviendo por las calles es cada día más preocupante. Hay zonas controladas por ellos, que exigen derechos y lo que no lo son, como la reclamación de ""sus derechos territoriales"", y muchísimos canarios empiezan a tener miedo de",1,0,1,0.9770153760910034,1,0.991252601146698,1,1,tie
"verdad. Dicen que no hay fuerzas políticas, ni policiales, ni legales, para empezar a resolver la situación creada. Y yo creo que ni voluntad de hacerlo.*
**Aquello está lejos y a los peninsulares no les preocupa lo más mínimo. Grave error; gravísimo. Una vez controlen las islas",1,0,1,0.7284011840820312,1,0.6652193069458008,1,1,tie
"vendrán aquí a reclamar más ""territorios"", poco a poco, sin prisas. A ellos no les preocupa el reloj. Son como la gota de agua que no deja de caer, es decir, que cae de manera permanente y llega a perforar una placa de acero de 1 metro de espesor.*
**Y por lo que veo ya están en",1,0,1,0.9117385149002075,1,0.9657325744628906,1,1,tie
"Bilbao. Mal estamos y peor nos irá. El gobierno está a en otras cosas,, mientras no lleguen a la Moncloa y les muevan las sillas...**
**Es alucinante, casi 7000 inmigrantes en el listado, con una paga alucinante, que nadie tendremos en la jubilación, a pesar de trabajar 40 Años.",1,0,1,0.8930767178535461,1,0.9837108254432678,1,1,tie
"Difundirlo si os parece bien, se tiene que enterar muchísima gente, algo hay que hacer.**
URGENTE:
Pasar a todos los contactos posibles..
Se está ocultando o se dan datos disminuidos... están entrando millares de nigerianos (o negros) y musulmanes violentamente en nuestras",1,0,1,0.986723005771637,1,0.9928158521652222,1,1,tie
Una pena lo que están haciendo con las islas,0,0,1,0.791948676109314,0,0.09095237404108047,0,1,context_wins
"Es una estrategia marroquí que empieza a darle resultados: la toma 'pacífica'  de territorios  mediante su ocupación por las bravas.

Se entiende como 'toma pacífica' la arribada diaria a las islas de numerosas barcazas con una media de 400 a 600 moros.
👇",1,0,1,0.9363270998001099,1,0.990207850933075,1,1,tie
"Hay zonas controladas por ellos, que exigen derechos y lo que no lo son, como la reclamación de ""sus derechos territoriales"", y muchísimos canarios empiezan a tener miedo de verdad.

Dícen que no hay fuerzas políticas, ni policiales, ni legales, para

👇",1,0,1,0.9356023669242859,1,0.8369100689888,1,1,tie
"Me comenta mi hermana que en todo el sur de Tenerife (una de las dos islas mayores) la situación de tantos miles de moros deambulando y malviviendo por las calles es cada día más preocupante.

👇",1,0,1,0.9749065637588501,1,0.9923708438873291,1,1,tie
"El gobierno está a en *otras cosas*,, mientras no lleguen a la Moncloa y les muevan las sillas...
...
Es alucinante, casi 7000 inmigrantes en el listado, con una paga alucinante, que nadie tendremos en la jubilación, a pesar de trabajar 40 Años.

👇",1,0,1,0.9153558015823364,1,0.9830729961395264,1,1,tie
"Difundirlo si os parece bien, se tiene que enterar muchísima gente, algo hay q hacer.

*URGENTE*

Se está ocultando o se dan datos disminuidos. Están entrando millares de nigerianos (o negros) y musulmanes violentamente en nuestras fronteras del sur de España.

👇",1,0,1,0.9863244891166687,1,0.9932859539985657,1,1,tie
Una verguenza!! Todo pactado!!!,0,0,0,0.02142835594713688,0,0.07848887145519257,1,1,tie
Votitos para el inútil del botox y el drogata  el moño.,0,0,0,0.04465214163064957,0,0.03212593123316765,1,1,tie
Que canarias está okupada por quien? URL,0,0,0,0.08185555785894394,0,0.04081670939922333,1,1,tie
"Este gobierno chorizo y comunista miserable han vendido las islas.

Los canarios tienen mucha culpa de votar no que han votado.

Pero NO es escusa, para permitir la invasión.

#GobiernoDeLaMentira",1,0,1,0.7781962156295776,1,0.840756893157959,1,1,tie
"Desde Fuerteventura, déjate de chorradas.

Como mucho en el norte de la isla hay más italianos que majoreros, sin duda.

Descansa, hoy ya has mentido por hoy",0,0,1,0.7293143272399902,0,0.2587585747241974,0,1,context_wins
Y ahora que ? genios,0,0,0,0.01886259950697422,0,0.05596725270152092,1,1,tie
Salimos más fuertes,0,0,0,0.0562170036137104,0,0.08572868257761002,1,1,tie
🤨 autodefensa es lo que nos toca.,1,1,0,0.07596450299024582,0,0.034319743514060974,0,0,tie
Y mientras Marlaska y su @user les dan dinero y materiales para que frenen la salida de cayucos,0,0,1,0.8010567426681519,1,0.8820207118988037,0,0,tie
"Este desastre no es casual. No sé a qué obedece, pero tanta pasividad... En cambio, protesta un poco delante de sus casoplones, que verás el tinglado policial que montan en un pispás.",0,0,0,0.12357969582080841,0,0.015558379702270031,1,1,tie
"Hay q unirse contra el gobierno nos arrastran al desastre a todos. España es hora de defender lo q nos quieren robar la libertad.
DESPERTAR!!!!!",0,0,1,0.5727550983428955,0,0.4779919683933258,0,1,context_wins
"Yo hasta me estoy planteando vender mi casa, antes de que empiece a perder valor por la inseguridad, y comprarme un piso que es mas seguro. Esto es un puto desastre. Y aqui em el norte de la isla vale, pero hay partes del sur que son un enclave de paises africanos varios",1,1,1,0.7943081259727478,1,0.9583857655525208,1,1,tie
"Esto no es inmigración. Es una invasion, un acto de agresión a España y los españoles. Hay que expulsarlos inmediatamente a todos sin excepción.",1,0,1,0.9160146117210388,1,0.9916529059410095,1,1,tie
Habría que juzgar a los responsables de esta invasión.,1,0,1,0.6104602813720703,1,0.9620744585990906,1,1,tie
Y tal. URL URL,0,0,0,0.11065764725208282,0,0.0453951358795166,1,1,tie
"No se os ocurre pensar que no se trata de que el gobierno está impasible??? Está todo según el plan, pero a corto plazo los jóvenes que ""casualmente"" llegan solos últimamente podrán echar una mano al gobierno si hay manifestaciones???ya los están mandando a las grandes ciudades",0,0,0,0.0809771940112114,0,0.007910815998911858,1,1,tie
Me parece que tú y tu hermana corresponsal sois unos chiflados!😂😂,0,0,0,0.013899078592658043,0,0.009499693289399147,1,1,tie
"Por cierto lo de Dawson es un apellido autóctono canario, español!? Parece una marca de electrodomésticos coreanos!!🤷🏻‍♀️",0,0,0,0.042030218988657,0,0.0034094559960067272,1,1,tie
Mira mi perfil.,0,0,0,0.2677377462387085,0,0.006007210351526737,1,1,tie
"Defiendo la inmigración, pero legal.",1,0,0,0.2304634153842926,0,0.012790626846253872,0,0,tie
Si! Pero te falta cultura y educación! No tienes derecho a insultarles ni por ser medio inglés ni por ser ellos subsaharianos o Magrebíes. Saludo!,0,0,1,0.6079380512237549,0,0.021900614723563194,0,1,context_wins
"Negativo, trabajo con compañero legal Marroqui, y he trabajado con muchos a lo largo de mi vida...
Trabajo con Rumano u Cubano también. Yo soy hijo de emigrante inmigrantes , lecciones ni una...",1,0,1,0.9200885891914368,0,0.25517982244491577,1,0,baseline_wins
"Yo no insulto a nadie.
Pero que no podemos mantener a inmigrantes con el dinero de todos...Y sin trabajo.

El rey de Marruecos que empiece por hacer URL

Y de comprar Apaches, F-35, y carros de blindados, y cuide de su gente. 3 yates y no se cuantos palacios. URL",1,0,1,0.9398384690284729,1,0.9792392253875732,1,1,tie
"Tengo el mayor de los respetos por Musulmanes y Judios, soy hijo de emigrante e inmigrante, si se ha sentido ofendida, lo siento.

No podemos estar manteniendo a nadie, antes que a nuestras humildes familias, mientras otros se enriquecen políticamente.

¿O Ud no paga impuestos? URL",1,1,1,0.9556464552879333,1,0.9317716956138611,1,1,tie
Comparto algo de lo que afirmas. Son obviedades algunas. Pero la culpa no la tiene el mena. Es el entramado asociativo de izquierdas que se nutre de su miseria!,1,0,0,0.012503004632890224,0,0.004850797355175018,0,0,tie
"Exacto.👍
Como le he dicho antes, algunos se están forrando a costa nuestra.
Y ahora quieren subir la luz , el butano, el gasolina, a los ""ricos"" no, a todos.
Ya lo hemos visto con el IVA de las mascarillas 1.600 millones.

""Salam"" , ""Erev Tov"", Saludos.🙏",0,0,0,0.08377154171466827,0,0.0037306335289031267,1,1,tie
Un verdadero desastre y no hay kien diga ni zapeeeee.  Asta. Cuando este noo govierno. Despierteeee. YaaAaaa ##y mande asu pais. A tanta jente invasoraaaaaaaaaaaa,1,0,1,0.9488615393638611,1,0.990704357624054,1,1,tie
"moros deambulando y malviviendo por las calles es cada día más preocupante. Hay zonas controladas por ellos, que exigen derechos y lo que no lo son, como la reclamación de ""sus derechos territoriales"", y muchísimos canarios empiezan a tener miedo de verdad. Dícen que no hay👇",1,0,1,0.9699237942695618,1,0.9910156726837158,1,1,tie
"irá. El gobierno está a en otras cosas,, mientras no lleguen a la Moncloa y les muevan las sillas...
Es alucinante, casi 7000 inmigrantes en el listado, con una paga alucinante, que nadie tendremos en la jubilación, a pesar de trabajar 40 Años. Difundirlo si os parece bien, se👇",1,0,1,0.8952208757400513,1,0.9767563343048096,1,1,tie
"""territorios"", poco a poco, sin prisas. A ellos no les preocupa el reloj. Son como la gota de agua q no deja de caer, es decir, que cae de manera permanente y llega a perforar una placa de acero de 1 metro de espesor.
Y por lo que veo ya están en Bilbao. Mal estamos y peor nos👇",1,1,1,0.8489555716514587,1,0.5548661947250366,1,1,tie
"fuerzas políticas, ni policiales, ni legales, para empezar a resolver la situación creada. Y yo creo q ni voluntad de hacerlo.
Aquello está lejos y a los peninsulares no les preocupa lo más mínimo. Grave error; gravisimo. Una vez controlen las islas vendrán aquí a reclamar más👇",1,0,1,0.9550477862358093,1,0.9870448708534241,1,1,tie
"tiene que enterar muchísima gente, algo hay que hacer.
Pasar a todos los contactos posibles..
Se está ocultando o se dan datos disminuidos... están entrando millares de nigerianos (o negros) y musulmanes violentamente en nuestras fronteras del sur de España. Cientos de guardias",1,0,1,0.9881453514099121,1,0.9932969212532043,1,1,tie
"Algunos, por edad, recordamos la marcha verde.
Y están 8nvasiones siempre se producen aprovechando la debilidad del gobierno central.
Algunos aún no se han dado cuenta de que esto es una auténtica invasión.",1,0,0,0.03977116942405701,1,0.9141308665275574,0,1,context_wins
"Moro es un gentilicio.
Esta palabra vino de la época romana en referencia a la población del norte de África (excluyendo Egipto), que los romanos llamaban Mauretania. Los moros incluían a poblaciones de origen bereber (que no tienen nada que ver con árabes)",0,0,0,0.17534370720386505,0,0.08153950423002243,1,1,tie
"Claro, no era despectiva?",0,0,0,0.01823057048022747,0,0.004039838444441557,1,1,tie
"¿Se lo preguntamos a Maduro y a Evo Morales, por ejemplo?
¿O se lo preguntamos a la DEA?
Por preguntar.....",0,0,0,0.010751384310424328,0,0.0064948443323373795,1,1,tie
"Son moros, moros y negros joder con el punto buenísimo, que ni hablar se puede, cada cosa por su nombre.",1,0,0,0.28026604652404785,0,0.012407011352479458,0,0,tie
*buenismo,0,0,0,0.36484482884407043,0,0.01985050179064274,1,1,tie
Yo flipo como hay gente que los defiende...mare mia,0,0,0,0.02487635239958763,0,0.013470638543367386,1,1,tie
"Más exactamente, viene de la palabra antigua ""moreno"" por la piel, de ahí moro(moreno)",0,0,0,0.05447911471128464,0,0.01477057859301567,1,1,tie
"Echen a patadas a quienes permiten la invasión emigrante.

Hasta ahora no una manifestación he escuchado en la radio!",1,0,1,0.9150753021240234,1,0.9817054271697998,1,1,tie
"Es q los ""buenisimos"" no comprenden que no se puede vaciar un pais en otro ?!!!!!",0,0,0,0.06577441841363907,0,0.011667885817587376,1,1,tie
Ellos piensan que a sus colegios privados y sus urbanizaciones de lujo no van a llegar.,0,0,0,0.3956548869609833,0,0.047268662601709366,1,1,tie
Moros de mierda es lo correcto,1,0,0,0.13922975957393646,0,0.21020232141017914,0,0,tie
"Y tú aprende a escribir, que se ve que el batiburrillo de lenguas “vehiculares” ya hace que no sepas ni en lo que hablas ni en lo que escribes.",0,0,0,0.25749635696411133,0,0.35464149713516235,1,1,tie
"Es, el voto de la esclavitud. D. Julián, Witiza y D. Rodrigo, ya dejaron desembarcar a Tarik y Muza, para que les vengaran asuntos de cuernitos, prefiriendo que gobernara el Soros de turno, para que se chinchara el que había.",0,0,0,0.03231431916356087,0,0.05259072408080101,1,1,tie
"Es verdad, son putos moros o motos de mierda. 🐽🐽🐽",1,0,0,0.06154106557369232,0,0.036459360271692276,0,0,tie
"Como te pillen los moros, me parece que vas a cambiar de criterio. Ser mujer y defender a los moros es de ser una sectaria que no sabe ni lo que dice. Ponte a tiro, verás como te respetan tus amigos los moros...",1,0,0,0.3337417542934418,0,0.011789515614509583,0,0,tie
"Hace más de 20 años, las moras ya decían que nos iban a reconquistar por el útero. Y así es, ellos tienen una media de 3,4,5 hijos..... cada día son más. Cuando despertemos, ya será tarde",1,1,0,0.1687537580728531,0,0.033044055104255676,0,0,tie
"A mi me avergüenza me entren estas cosas, tanto en mi TL como en mis grupos o contactos de WhatsApp.",0,0,0,0.08275887370109558,0,0.011121527291834354,1,1,tie
"Yo lo escuché también. Vosotros criar perros, que nosotros traemos hijos al mundo.",1,1,0,0.19739557802677155,0,0.005609754007309675,0,0,tie
"Es su twitt y les llama como les da la gana. Y son moros, por cierto.
URL
Infórmate y calla, progre analfabeta",0,0,0,0.4473099112510681,0,0.43983158469200134,1,1,tie
"Cuida tú el tuyo. En vez de leer lo importante y preocuparte por un problema real y argumentar tu opinión...no, claro para qué, si no la tienes. Cuando además tú eres la primera que insultas. En fin, te deseo lo mejor, pero si esa es tu actitud en la vida...dificil",0,0,0,0.28357893228530884,0,0.013753591105341911,1,1,tie
"Moros y bien moros, y si le pica pues se rasca usted",0,0,1,0.5789093971252441,1,0.9053096175193787,0,0,tie
"En Sevilla moro es el que no es cristiano. Los niños no bautizados son moritos. No hay que cuidar el lenguaje, ese es el lenguaje desde tiempos inmemoriales y seguirá así.",0,0,1,0.514812707901001,0,0.3503488600254059,0,1,context_wins
Yo tampoco pero lo tienen muy mal con este gobierno traidor que los está dejando a los pies de los caballos por sus acuerdos secretos con el moro.,0,0,0,0.03441668674349785,0,0.007379972841590643,1,1,tie
Pues en catalunya diem a feo muy feo,0,0,0,0.2537251114845276,0,0.01516229659318924,1,1,tie
"Con gilipollas como tu, no me extraña cómo está el país

Un problema demasiado serio, pero lo importante es que lo ha llamado moro",0,0,0,0.0370904877781868,0,0.04883551225066185,1,1,tie
"En Bilbao hay más moros q vascoparlantes. En 3 generaciones el rh negativo del q presumen algunos a tomar por culo, pero lamentablemente a costa de la imposición del Islam no sólo sobre los euskaldunes, tb del resto. El caballo d Troya ya está por toda Europa. #StopIslam #Eurabia",1,0,1,0.9309130311012268,1,0.9327733516693115,1,1,tie
"Vete comprando el burka ...jajajajaja , a ver si después tenéis ovarios a salir a la calle las feminazis , yo ya tengo la chilaba y voy a tener cuatro esposas jajajaja , yo morito barato🧕🧕🧕🧕 cuatro",1,0,0,0.23654349148273468,0,0.034829072654247284,0,0,tie
"La toma ""pacífica"" de territorios mediante su ocupación por las bravas. Se entiende como ""toma pacifica"" la arribada diaria a las islas de numerosas barcazas con una media de 400 a 600 moros.
Me comentan que en el sur de Tenerife, la situación de tantos miles de moros deambulando",1,0,1,0.9466389417648315,1,0.9838553071022034,1,1,tie
"Yo creo que ni hay voluntad de hacerlo. Es un grave error que no se tomen medidas mas contundentes...mientras que no lleguen a la Moncloa y les muevan las sillas ....
Alucina que casi 7000 inmigrantes en el listado ( para mi ilegales ) con una paga",1,0,1,0.9845983982086182,1,0.993475615978241,1,1,tie
"y malviviendo por las calles es cada día mas preocupante. Hay zonas controladas por ellos, que exigen derechos territoriales, y muchos canarios empiezan a tener miedo. Dicen que no hay fuerzas políticas, ni policiales, ni legales, para empezar a resolver la situación creada.",1,0,1,0.9733934998512268,1,0.9924536347389221,1,1,tie
"que ninguno tendremos en la jubilación, a pesar de trabajar 40 años. Me dicen que se dan datos disminuidos
están entrando militares Nigerianos y musulmanes violentos. Cientos de guardias civiles de baja por agresiones graves....la Guardia Civil pide apoyo y no la hay",1,0,1,0.8975809812545776,1,0.9852092862129211,1,1,tie
"Eso es falso.

Vivo en Fuerteventura.

Dejar de mentir.",0,0,0,0.05538726598024368,0,0.010465134866535664,1,1,tie
"Estás seguro? mira las segundas generaciones que hay UE,
Francia, sin ir mas lejos...con su largo historial de inmigrantes Musulmanes.....están a matar.
Y, las personas de aquí o allá.....somos eso personas, mejores o peores. Los Imanes con su doctrina, no dejaran   integración",1,0,1,0.9749478101730347,1,0.9890260100364685,1,1,tie
"Te sobra miedo y te faltan datos.

Aunque una cosa viene de la mano de la otra.",0,0,0,0.018337417393922806,0,0.007253126706928015,1,1,tie
"territorios mediante su ocupación por las bravas. Se entiende como 'TOMA PACÍFICA' la arribada diaria a las islas de numerosas barcazas con una media de 400 a 600 moros.
Me comenta mi hermana que en todo el sur de Tenerife (una de las dos islas mayores) la situación de tantos",1,0,1,0.8987386226654053,1,0.9814786911010742,1,1,tie
"miles de moros deambulando y malviviendo por las calles es cada día más preocupante.
Hay zonas controladas por ellos, que exigen derechos y lo que no lo son, como la reclamación de ""sus derechos territoriales"", y muchísimos canarios empiezan a tener miedo de verdad. Dícen que no",1,0,1,0.9804369807243347,1,0.9912611842155457,1,1,tie
"hay fuerzas políticas, ni policiales, ni legales, para empezar a resolver la situación creada.
Y yo creo que ni voluntad de hacerlo.
Aquello está lejos y a los peninsulares no les preocupa lo más mínimo. Grave error; gravisimo. Una vez controlen las islas vendrán aquí a reclamar",1,0,1,0.9525501132011414,1,0.9873297214508057,1,1,tie
"nos irá. El gobierno está a en *otras cosas*,, mientras no lleguen a la Moncloa y les muevan las sillas...
Es alucinante, casi 7000 inmigrantes en el listado, con una paga alucinante, que nadie tendremos en la jubilación, a pesar de trabajar 40 Años. Difundirlo si os parece bien,",1,0,1,0.9080768823623657,1,0.9711999893188477,1,1,tie
"se tiene que enterar muchísima gente, algo hay que hacer.
Nota
*URGENTE* :
_*Guardia civil*_

Pasar a todos los contactos posibles.",0,0,0,0.09087449312210083,0,0.027308788150548935,1,1,tie
"más ""territorios"", poco a poco, sin prisas. A ellos no les preocupa el reloj. Son como la gota de agua que no deja de caer, es decir, que cae de manera permanente y llega a perforar una placa de acero de 1 metro de espesor. Y por lo que veo ya están en Bilbao. Mal estamos y peor",1,1,1,0.8140400648117065,1,0.6350441575050354,1,1,tie
"Canarias ya no les importa¿ es normal que Marlaska ni siquiera se presente en el Congreso para contestar a las preguntas sobre las llegadas de pateras?..después de mentir cada día,  pasa de contestar...",0,0,1,0.5724278688430786,1,0.6955952644348145,0,0,tie
"Cuando den mayoría pedirán referendum. Urbanas dirán, democracia dirán, pero querrán que sólo voten los de allí,NO TODOS, como siempre. La voluntad del pueblo, dirán.",0,0,0,0.17546020448207855,0,0.011709562502801418,1,1,tie
"mediante su ocupación por las bravas. Se entiende como 'TOMA PACÍFICA' la arribada diaria a las islas de numerosas barcazas con una media de 400 a 600 moros.
Me comenta mi hermana que en todo el sur de Tenerife (una de las dos islas mayores) la situación de tantos miles de moros",1,0,1,0.8166854381561279,1,0.8821364045143127,1,1,tie
"deambulando y malviviendo por las calles es cada día más preocupante. Hay zonas controladas por ellos, que exigen derechos y lo que no lo son, como la reclamación de ""sus derechos territoriales"", y muchísimos canarios empiezan a tener miedo de verdad. Dícen que",1,0,1,0.9781427383422852,1,0.9909045100212097,1,1,tie
"Mal estamos y peor nos irá. El gobierno está a en *otras cosas*,, mientras no lleguen a la Moncloa y les muevan las sillas...
Es alucinante, casi 7000 inmigrantes en el listado, con una paga alucinante, que nadie tendremos en la jubilación, a pesar de trabajar 40 Años.",1,0,1,0.8986994624137878,1,0.982642650604248,1,1,tie
"Difundirlo si os parece bien, se tiene que enterar muchísima gente, algo hay que hacer.
 Nota
*URGENTE* :
 _*Guardia civil*_

Pasar a todos los contactos posibles..

Se está ocultando o se dan datos disminuidos... están entrando millares de nigerianos (o negros) y",1,0,1,0.94646817445755,1,0.9694758653640747,1,1,tie
diga usted que asi es es yo vivo en GC y aqui ya se les nota por todas partes hay zonas donde ya da miedo...estamos solos nos quedan años de terror,1,0,1,0.8523387312889099,0,0.10638158768415451,1,0,baseline_wins
"Dentro de poco los españoles se irán y quedarán solo moros.
Cay muchas personas que están por motivos de trabajo y con tiempo establecido, en cuanto cumplan contrato se van.",1,1,0,0.11583522707223892,0,0.08200625330209732,0,0,tie
"En los setenta, a una ocupación similar a la que está sucediendo en Canarias, creo que la llamaron ""la marcha verde""",1,0,0,0.014481119811534882,0,0.008896290324628353,0,0,tie
"Pero no sé. Imagina, por un momento, que los han traído pagándoles viaje y estancia para luego llevarlos a la península. Porque alguien con mucho poder quiere hacer algo con violencia contra los nativos del lugar y los necesita. Entonces podríamos entender algo.",0,0,1,0.986573338508606,1,0.9925199747085571,0,0,tie
"El corán lo dice, conquistarán cn el vientre de sus mujeres y se reproducen cm ratas, ya no solo son los que llegan ilegales, tmb los que viven aki y no se adaptan esperando la mierda de la guerra santa, no es un cuento es real y lo he escuchado de boca de muchos moros, ej. Ceuta",1,0,1,0.9869951605796814,1,0.9925181865692139,1,1,tie
"Pues  cuando sea necesario cojeremos un avioncito todos los patriotas que sean necesarios y los sacaremos de alli a hostias, se acabó el pacifismo ya!",1,0,0,0.23141779005527496,0,0.43941229581832886,0,0,tie
"- Enhorabuena , Que Disfruten Lo Votado ejejejejejej",0,0,0,0.02039974369108677,0,0.05319107696413994,1,1,tie
"Y ahora quien soluciona esto, quien nos devuelve nuestra tierra, nuestra identidad como pueblo canario y español?.",1,1,1,0.9237275123596191,1,0.9685849547386169,1,1,tie
"Asi toman nuestras casas !!! Posesion pacífica lo llaman.
Ya está bien !! Un clan de magrebíes nos ocupó nuestro piso con impunidad total por 16 meses. ¿Donde creeis q se van a instalar? En nuestras casas !!!
#leyantiocupas #OcuparEsDelito
#SanchezCedeTuCasa",1,0,1,0.9780659079551697,1,0.9927628636360168,1,1,tie
Lo hicieron con el Sáhara y lo repiten,1,0,0,0.10369565337896347,0,0.034410230815410614,0,0,tie
Esto lo vengo anunciando hace mucho tiempo una Yihad en toda regla .:. No perdonaron nunca la expulsión ... al tiempo,1,1,0,0.025395428761839867,0,0.014227006584405899,0,0,tie
Prepárense!!! Porque otro Cid Campeador no creo que lo tengan disponible!!!,0,0,0,0.03418867662549019,0,0.02289501018822193,1,1,tie
"¿Cuál es el partido más votado en Canarias en las últimas generales? ¿Y el tercero?
Pues eso: a disfrutar lo votado. La pena es que también lo disfrutan los que no les han votado.",0,0,0,0.013163276016712189,0,0.009068936109542847,1,1,tie
La toma “consentida” por el gobierno diría yo!!,1,0,0,0.00865393690764904,0,0.0101515157148242,0,0,tie
Mentira.  Vivo en lanzarote.  El no. No le crean.. Lo que si supera a los canarios son los peninsulares.. Buenos días..,0,0,0,0.3022184371948242,0,0.17978046834468842,1,1,tie
Con la ayuda de los títeres de NOM.,0,0,0,0.03726820647716522,0,0.057314757257699966,1,1,tie
"Ahora la moda es ""mi hermana me ha dicho""
Pues tu hermana me ha dicho que eres un pirata (no tienes luces) que te digo una cosa los que andan por la calle son los Canarios, los marroquíes se han quedado con sus casas. RETRASADO",0,0,1,0.9092652201652527,1,0.9224509000778198,0,0,tie
"Aquí un conejero que te pasa los datos

Púdrete fascista!!! URL",0,0,0,0.05624553561210632,0,0.025027219206094742,1,1,tie
"Y estos políticos de mierda, aplaudiendo con las orejas; es que ESPAÑA es demasiado grande para ellos.",0,0,0,0.021336445584893227,0,0.013481435365974903,1,1,tie
"ocupación por las bravas.
Se entiende como ""TOMA PACÍFICA"" la arribada diaria de numerosas barcazas con una media de 400 a 600 moros.
Me comenta mi hermana que en todo el sur de Tenerife (una de las dos islas mayores) la situación de tantos miles de moros deambulando y",1,0,1,0.8286396265029907,1,0.9525354504585266,1,1,tie
"malviviendo por las calles es cada día más preocupante. Hay zonas controladas por ellos, que exigen derechos y lo que no lo son, como la reclamación de ""sus derechos territoriales"", y muchísimos canarios empiezan a tener miedo de verdad. Dícen que no hay fuerzas políticas, ni",1,0,1,0.9655711650848389,1,0.9842877388000488,1,1,tie
"a en *otras cosas*,, mientras no lleguen a la Moncloa y les muevan las sillas...
Es alucinante, casi 7000 inmigrantes en el listado, con una paga alucinante, que nadie tendremos en la jubilación, a pesar de trabajar 40 Años. Difundirlo si os parece bien, se tiene que enterar",1,0,1,0.928337812423706,1,0.9807761907577515,1,1,tie
"muchísima gente, algo hay que hacer.
 Nota
*URGENTE* :
 _*Guardia civil*_

Pasar a todos los contactos posibles..

Se está ocultando o se dan datos disminuidos... están entrando millares de nigerianos (o negros) y musulmanes violentamente en nuestras fronteras del sur de España",1,0,1,0.9868196249008179,1,0.9933591485023499,1,1,tie
Ya dijeron conquistaremos con el vientre de nuestras mujeres,1,1,0,0.3666438162326813,0,0.20174649357795715,0,0,tie
"alucinante, que nadie tendremos en la jubilación, a pesar de trabajar 40 Años. Difundirlo si os parece bien, se tiene que enterar muchísima gente, algo hay que hacer.
 Nota *URGENTE*

Pasar a todos los contactos posibles..

Se está ocultando o se dan datos disminuidos...",1,0,0,0.03664426878094673,0,0.015497949905693531,0,0,tie
"poco a poco, sin prisas. A ellos no les preocupa el reloj. Son como la gota de agua que no deja de caer, es decir, que cae de manera permanente y llega a perforar una placa de acero de 1 metro de espesor.

Es alucinante, casi 7000 inmigrantes en el listado, con una paga",1,0,1,0.9507218599319458,1,0.9809422492980957,1,1,tie
"a pesar de trabajar 40 Años. Difundirlo si os parece bien, se tiene que enterar muchísima gente, algo hay que hacer.
 Nota *URGENTE*

Pasar a todos los contactos posibles..

Se está ocultando o se dan datos disminuidos... están entrando millares de musulmanes violentamente en",1,0,1,0.9837533235549927,1,0.9925795197486877,1,1,tie
"importa el reloj. Son como la gota de agua que no deja de caer, es decir, que cae de manera permanente y llega a perforar una placa de acero de 1 metro de espesor.

Es alucinante, casi 7000 inmigrantes en el listado, con una paga alucinante, que nadie tendremos en la jubilación,",1,0,1,0.5917560458183289,1,0.9591295123100281,1,1,tie
"Es alucinante, casi 7000 inmigrantes en el listado, con una paga alucinante, que nadie tendremos en la jubilación, a pesar de trabajar 40 Años.",1,0,1,0.6165184378623962,1,0.9347561001777649,1,1,tie
"Difundirlo si os parece bien, se tiene que enterar muchísima gente, algo hay que hacer.
 Nota *URGENTE*

Pasar a todos los contactos posibles..",0,0,0,0.05782442167401314,0,0.029072966426610947,1,1,tie
"Han robado en una iglesia. Manejan dinero, les proporcionan móviles y están viviendo en hoteles. Los canarios  piden auxilio, los medios de comunicación no están hablando de ello.",1,0,1,0.9618610143661499,1,0.9835385084152222,1,1,tie
"Es una estrategia marroquí, empieza a dar resultados: la toma 'pacífica'  de territorios. Se entiende como 'toma pacífica' la llegada diaria a las islas de numerosas barcazas con una media de 400 a 600 musulmanes.",1,0,1,0.9787205457687378,1,0.9918568134307861,1,1,tie
"En el sur de Tenerife la situación de tantos miles de marroquíes deambulando y malviviendo por las calles en algunos pueblos costeros, es cada día más preocupante. Hay zonas controladas por ellos, exigen derechos y lo que no lo son, como ""sus derechos territoriales"".",1,0,1,0.9879680871963501,1,0.9934841990470886,1,1,tie
"Los canarios empiezan a tener miedo de verdad. No hay fuerzas políticas, ni policiales, ni legales, para empezar a resolver la situación creada. Y al parecer ni voluntad de hacerlo.",1,0,0,0.06328557431697845,0,0.01559857651591301,0,0,tie
"En la península parece que no les preocupa lo más mínimo. Grave error. Una vez controlen las islas irán a la península a reclamar más ""territorios"". A ellos no les preocupa el reloj. Son como la gota de agua que no deja de caer.",1,1,1,0.9634511470794678,1,0.9914257526397705,1,1,tie
"Casi 7000 inmigrantes en el listado, con una paga alucinante, que muchos no tendremos en la jubilación, a pesar de trabajar 40 Años. Hay que difundir todo esto, se tiene que enterar toda la gente, algo hay que hacer.",1,0,1,0.7998272180557251,1,0.9729317426681519,1,1,tie
"Se está ocultando o se dan datos disminuidos... están entrando millares de musulmanes violentamente en nuestras fronteras del sur de España. Cientos de guardias civiles heridos y de baja por agresiones graves, ocultándose, Guardia Civil pide apoyo y no lo hay, desbordados.",1,0,1,0.9852126836776733,1,0.9929459691047668,1,1,tie
"Las TV/radios silenciadas, y partidos políticos son cómplices igualmente. Es una operación que va a acabar arrasando Europa y su cultura.
Cuando puedan organizarse todos los que van entrando quizás habrá alzamiento armado violento contra los españoles, y no se podrá evitar.",1,0,1,0.8896201252937317,1,0.9921002984046936,1,1,tie
"Nota *URGENTE*
Pasar a todos los contactos posibles..

Se está ocultando o se dan datos disminuidos... están entrando millares de musulmanes violentamente en nuestras fronteras del sur de España. Cientos de guardias civiles heridos y de baja por agresiones graves, ocultándose...",1,0,1,0.9872450232505798,1,0.9926861524581909,1,1,tie
"Es alucinante, casi 7000 inmigrantes en el listado, con una paga que nadie tendremos en la jubilación, a pesar de trabajar 40 Años. Difundirlo si os parece bien, se tiene que enterar la gente, algo hay que hacer.",1,0,1,0.6487323045730591,1,0.8530232906341553,1,1,tie
"Es descorazonador ver tanto odio hacia personas que solo buscan sobrevivir. Es horrible ver tanto odio que no distingue e incluye a niñxs y bebés. Yo he perdido la fe en la humanidad del todo.
Paren el mundo que yo me bajo 😔😔😔",1,0,1,0.5952585935592651,1,0.6433048844337463,1,1,tie
"Hay que recordarlo a l@s pseudo-cristian@s,aunque a veces la izquierda atea sea mejor que la derecha cristiana a nivel social,también hay iglesia de izquierdas que lucha contra La Iglesia de derechas y creo que es mayoría…Ningún inmigrante es ilegal…",0,0,1,0.668294370174408,1,0.8944910764694214,0,0,tie
"Estos son la carne de cañon para una invasion ilegal que cada Estado tiene la obligación de frenar. Ademas, una inmigracion de semejante escalada podria arruinar la economia de España. Entienden eso? Al estado se lo gobierna con politica, no con etica",1,0,1,0.842014729976654,1,0.992113471031189,1,1,tie
"Lo que la gente todavía no sabe es que esos que hoy entran así, serán los que nos paguen las pensiones.
En 10/15 años España se queda sin profesionales de oficios que sepan trabajar.
No hay relevo generacional. Y si no hay, de algún sitio tendrán que venir.
Como fueron de aquí.",1,0,0,0.03417062759399414,0,0.2231070101261139,0,0,tie
"Nacho, diferenciamos inmigración legal de la ilegal, o no? Los que hace años se fueron de aquí TODOS se fueron legalmente en busca de trabajo",1,0,0,0.42562493681907654,0,0.34679949283599854,0,0,tie
"No conozco a nadie que critique a uno de fuera que tenga un trabajo, a nadie 🤷🏼‍♂️",0,0,0,0.20375724136829376,1,0.8468690514564514,1,0,baseline_wins
En Turquía hay cinco millones de refugiados sirios pagados por la unión europea para que no pasen a Europa. Son ilegales sí como los europeos que huyeron a América en la primera y segunda guerra mundial.,0,0,1,0.979977548122406,1,0.9912148714065552,0,0,tie
"Está usted equivocado de medio a medio. Los inmigrantes, legales e ilegales, consumen muchísimos más recursos del Estado de los que aportan. La mayoría  cotizan por cantidades insignificantes y mañana, cuando cobren su pensión, escasa, se completará con el esfuerzo de los demás.",1,0,1,0.960662841796875,1,0.9896606206893921,1,1,tie
Cuánta hipocresía en esos que defienden la religión católica y luego el inmigrante legal o ilegal pobre que los machaque  .pero el inmigrante legal o ilegal con dinero  Que los hay esos son bienvenidos,1,0,1,0.9838688969612122,1,0.9912217855453491,1,1,tie
O porque les corrían a golpes los grises... Te lo recuerdo,0,0,0,0.0392305962741375,0,0.005929016508162022,1,1,tie
"Bosch, según tengo entendido: la mujer de la Cruz Roja ha sido denunciada esta tarde por abuso sexual a inmigrantes ilegales. Esperamos que la Justicia la encarcele por mucho tiempo. Estaremos atentos a las noticias de la televisión. URL",0,0,1,0.9784850478172302,1,0.9920253753662109,0,0,tie
Es una enferma mental. URL,0,0,0,0.0611349418759346,0,0.0215312372893095,1,1,tie
"Si nos guiamos por esa regla , que venga todos y España que ya está echo mierda ,no quedarán ni sus raíces NO A LA INMIGRACIÓN ILEGAL , ME DA IGUAL SU SITUACION , QUE VAYAN A LLORAN LA PUERTA DE SUS GOBIERNOS..",1,0,1,0.9725287556648254,1,0.9903455376625061,1,1,tie
"Un huevo de pato. Eso es la mentira más grande que se puede leer en tweter después de que el fascismo no existe en España.
Si los pirineos hablará te metías la lengua en el cul.",0,0,0,0.04237551987171173,0,0.004405683372169733,1,1,tie
He leido que ya hace tiempo se acordo darles las Canarias y Ceuta y Melilla al moro....Quiza esto lo explique todo...,0,0,0,0.038627397269010544,0,0.009741111658513546,1,1,tie
"Curioso, les he leído y seguido durante unos días, todos los bulos hacen referencia única y exclusivamente a lo que se afirma o dice de Podemos, Sánchez...🤔🤔",0,0,0,0.00832505151629448,0,0.007523124571889639,1,1,tie
"De hecho, son párrafos mezclados de varias noticias.

Europa Press.
Cadena Ser.
El País. 👇🏽👇🏽👇🏽 URL",0,0,0,0.05166812613606453,0,0.008918988518416882,1,1,tie
"Habeis dicho tantas mentiras que ya no os cree nadie.
Defendéis tanto al psoe que se os ve el plumero.",0,0,0,0.019443152472376823,0,0.013507860712707043,1,1,tie
Con 3 noticias y una tijera han fabricado un estupendo bulo de recorta-pega.,0,0,0,0.06321842223405838,0,0.03969692811369896,1,1,tie
Ustedes que vais a decir...,0,0,0,0.02907750755548477,0,0.04322655498981476,1,1,tie
"Está claro que es falso, pone que la Ministra de Trabajo es Magdalena Valerio y ahora es Yolanda Diaz de @user",0,0,0,0.00945330411195755,0,0.007492521312087774,1,1,tie
"Viniendo del ministerio del interior comunista que tenemos, casi que le voy a dar toda la credibilidad....",0,0,0,0.009976739063858986,0,0.009899049997329712,1,1,tie
Seguid la cuenta de @user que siempre dice la verdad.,0,0,0,0.04188227280974388,0,0.009653439745306969,1,1,tie
Es tan falso como que Magdalena Valerio no es la actual ministra de trabajo 🤦🏻‍♀️,0,0,0,0.01166501734405756,0,0.006789275910705328,1,1,tie
"Cuando se quieren hacer las cosas se hacen, no se ponen tantas pegas. ILP para guardias civiles y PN de ESCALA BÁSICA.
Cuando se quiere d verdad ser AGRADECIDOS, se agradece y ya está.
Dijeron 2 semanas después de FORMAR gobierno, ya han pasado.
De bien NACIDOS ser agradecido",0,0,0,0.02971932664513588,0,0.00997399352490902,1,1,tie
"Es falso que el ministerio del interior mande sus ""fuerzas del orden"" para reprimir referéndums democràticos! URL",0,0,0,0.01923689991235733,0,0.010816805064678192,1,1,tie
Equiparacion retributiva de los funcionarios de pensiones. Ahora!,0,0,0,0.010220923461019993,0,0.009791658259928226,1,1,tie
De este gobierno nadie en su sano juicio se cree nada!,0,0,0,0.016261281445622444,0,0.007820541970431805,1,1,tie
Cuando el río suena agua lleva........,0,0,0,0.19016975164413452,0,0.10938186198472977,1,1,tie
La credibilidad institucional la teneis por el suelo. Es lo que habeis sembrado. La borregada si que os cree claro. Pero los que estamos despiertos y somos conscientes de la dictadura que estais montando no os creemos por supuesto. Y ni os vamos a creer.,0,0,0,0.008547834120690823,0,0.006734889466315508,1,1,tie
"Lo es hoy y ahora, o no, pero no tardando mucho llegará la ratificación, solo hay que escuchar las declaraciones del ministro de Inclusión, Seguridad Social y Migraciones @user que ya avisa de los millones y millones de migrantes que necesitamos URL",1,0,1,0.7225657105445862,1,0.9158787131309509,1,1,tie
Eso es lo que hizo rajoy,0,0,0,0.030646223574876785,0,0.039707206189632416,1,1,tie
"Pero quizás va siendo hora de aumentar plantillas, mejora de citas previas en el tiempo, certificados electrónicos y perseguir a la mafia que bloquea y revende las horas previas.... UNA VERGÜENZA reconocido desde dentro!",0,0,0,0.23013576865196228,0,0.185614675283432,1,1,tie
"FALSO!! #MarlaskaDimision prometió la mejora de las condiciones laborales y salariales de los #funcionariosdeprisiones y se lo pasó por el arco del triunfo. Eso es @user e @user, falsedad. #sosprisiones URL",0,0,0,0.013040948659181595,0,0.007977685891091824,1,1,tie
Qué poco faltará.. Para. Que haya alguna idea parecida,0,0,0,0.04064677283167839,0,0.026952868327498436,1,1,tie
"La imagen es un montaje con noticias de varios años y diferentes medios de comunicación.

Además, el Gobierno rechazó esta medida en 2018 y el Ministerio del Interior nos lo ha desmentido.",0,0,0,0.016766708344221115,0,0.007633846253156662,1,1,tie
"Y podrían argumentar un poco más cuando procedería? #nacionalidadYA
Existen españoles abandonados y relegados por falta de reconocimiento del IUS SANGUINIS por todo el mundo. Otros q han sido excluidos por edad..
Hasta cuándo las injusticias",0,0,0,0.40862539410591125,0,0.04886315017938614,1,1,tie
Solo una pequeña observación. Ese bulo no está en nada relacionado con la ley de nacionalidad sino se refiere a una mentirosa regularización de inmigrantes irregulares en España. Un abrazo,0,0,1,0.9291788339614868,1,0.9889236092567444,0,0,tie
"Una lástima. Ya vendría bien que pudieran trabajar, cotizar y vivir como ciudadanos normales.",1,1,0,0.1674976348876953,0,0.18017423152923584,0,0,tie
"❌ No, el Gobierno de Pedro Sánchez no ""ha aprobado"" un ""procedimiento extraordinario de regularización de inmigrantes"".

Esta imagen se viralizó a principios de año en España y al otro lado del océano Atlántico, pero era un montaje.  URL",0,0,0,0.4750640392303467,1,0.8764727711677551,1,0,baseline_wins
"No, este vídeo de un hombre negro asaltando una iglesia y pegando a un cura no está grabado en Canarias.

😱 Solo en una mañana nos lo enviasteis más de 150 veces, pero era un vídeo grabado al otro lado del Atlántico, en Guyana.
URL",0,0,1,0.5461301207542419,0,0.01373438723385334,0,1,context_wins
"❗️No, no hay pruebas de que el Gobierno tenga un tratado con Marruecos para regularizar y traer ""para acá"" a inmigrantes irregulares como afirma este audio.

URL",0,0,1,0.9751220941543579,1,0.988795280456543,0,0,tie
"❌ No, ser español no te excluye de recibir la prestación por desempleo.

No hay ayudas al desempleo específicas para inmigrantes y la fotografía que se difunde, que siempre es la misma, mezcla dos tipos de prestaciones.

URL",0,0,0,0.23126138746738434,0,0.03718677535653114,1,1,tie
"Esta noche de minicenas familiares o de encuentros por videoconferencia puede que te intenten colar alguno de los bulos de los que te hemos hablado este 2020.

Ten a mano nuestro número de WhatsApp (+34 644 229 319) para que no te cuelen ni uno 👉URL URL",0,0,0,0.06364559382200241,0,0.018340375274419785,1,1,tie
"Y si es un derecho que tengo, por que todavía no lo cobro?
No es de fiar, y este gobierno ha malversado los fondos para cumplir con sus primicias de partido y chanchullos. El pais les importa una mierda
Podré pedir interese de demora? (Ellos lo harían si no hubiera pagado on-time",0,0,0,0.026340417563915253,0,0.00477477815002203,1,1,tie
